load_factor,fault_scenario,baseline,metric,mean,ci_95,n
0.8,s3_2node_3x,adaptive,p99_latency,0.030629149295399137,0.0002876785228619594,10
0.8,s3_2node_3x,adaptive,p999_latency,0.03850450762879479,0.00014702860356760798,10
0.8,s3_2node_3x,adaptive,p95_latency,0.027181220411380352,0.00010599436408373792,10
0.8,s3_2node_3x,adaptive,p50_latency,0.015582462309747313,7.603962411423224e-05,10
0.8,s3_2node_3x,adaptive,avg_latency,0.016085944251993,6.49875438316158e-05,10
0.8,s3_2node_3x,adaptive,throughput,2558.274545454545,5.37904061641534,10
0.8,s3_2node_3x,adaptive,goodput,2557.2290909090907,5.365446814962946,10
0.8,s3_2node_3x,adaptive,slo_violation_rate,0.0004086390805709998,2.2354993035157227e-05,10
0.8,s3_2node_3x,fixed_isolation,p99_latency,0.03059169581092131,0.00029062942719796194,10
0.8,s3_2node_3x,fixed_isolation,p999_latency,0.03841441239567575,0.00023337001702689018,10
0.8,s3_2node_3x,fixed_isolation,p95_latency,0.027174878859904456,8.797799854881053e-05,10
0.8,s3_2node_3x,fixed_isolation,p50_latency,0.015586828203877934,7.684581927655067e-05,10
0.8,s3_2node_3x,fixed_isolation,avg_latency,0.016092254181595402,5.7206856437534045e-05,10
0.8,s3_2node_3x,fixed_isolation,throughput,2558.8890909090906,5.332010031401411,10
0.8,s3_2node_3x,fixed_isolation,goodput,2557.827272727273,5.3362731429915735,10
0.8,s3_2node_3x,fixed_isolation,slo_violation_rate,0.00041496180455104833,1.8853248791824216e-05,10
0.8,s3_2node_3x,lit_blacklist,p99_latency,0.030552976519935347,0.0003189603505867831,10
0.8,s3_2node_3x,lit_blacklist,p999_latency,0.038027217077628336,0.00016824570988520094,10
0.8,s3_2node_3x,lit_blacklist,p95_latency,0.027178148847312067,9.110233294812436e-05,10
0.8,s3_2node_3x,lit_blacklist,p50_latency,0.015608314399061652,6.093598072354335e-05,10
0.8,s3_2node_3x,lit_blacklist,avg_latency,0.016089600731824038,5.381410912343411e-05,10
0.8,s3_2node_3x,lit_blacklist,throughput,2560.663636363636,4.822636147479059,10
0.8,s3_2node_3x,lit_blacklist,goodput,2560.1745454545453,4.81518585211551,10
0.8,s3_2node_3x,lit_blacklist,slo_violation_rate,0.00019099306307071708,1.1500222179059737e-05,10
0.8,s3_2node_3x,no_mitigation,p99_latency,0.07477714020240439,0.0006314254634123636,10
0.8,s3_2node_3x,no_mitigation,p999_latency,0.1031905672079743,0.0008292431521636686,10
0.8,s3_2node_3x,no_mitigation,p95_latency,0.028327604625528035,6.648657562672435e-05,10
0.8,s3_2node_3x,no_mitigation,p50_latency,0.015302132415266368,7.168369092627715e-05,10
0.8,s3_2node_3x,no_mitigation,avg_latency,0.01698212750000206,5.7356230276769086e-05,10
0.8,s3_2node_3x,no_mitigation,throughput,2559.929090909091,4.837627041148673,10
0.8,s3_2node_3x,no_mitigation,goodput,2507.8309090909092,4.851240500406268,10
0.8,s3_2node_3x,no_mitigation,slo_violation_rate,0.020351555238298718,9.28296131169267e-05,10
0.8,s4_4node_mixed,adaptive,p99_latency,0.04466216200995833,0.01447295371148591,10
0.8,s4_4node_mixed,adaptive,p999_latency,0.07597881730708025,0.02449620696984427,10
0.8,s4_4node_mixed,adaptive,p95_latency,0.030314520178066035,0.00030936939126542244,10
0.8,s4_4node_mixed,adaptive,p50_latency,0.017930633195086632,0.00015072189811895267,10
0.8,s4_4node_mixed,adaptive,avg_latency,0.01871763364820662,0.00022218354582068735,10
0.8,s4_4node_mixed,adaptive,throughput,2559.8145454545456,6.172918080272443,10
0.8,s4_4node_mixed,adaptive,goodput,2550.7709090909093,10.267537827130141,10
0.8,s4_4node_mixed,adaptive,slo_violation_rate,0.0035320373867424428,0.0033643777893951118,10
0.8,s4_4node_mixed,fixed_isolation,p99_latency,0.038976902480103284,0.002847607930510229,10
0.8,s4_4node_mixed,fixed_isolation,p999_latency,0.06724209160123334,0.015483289416459474,10
0.8,s4_4node_mixed,fixed_isolation,p95_latency,0.030334757373660683,0.0003746267019787868,10
0.8,s4_4node_mixed,fixed_isolation,p50_latency,0.01791606812087996,0.00013961894037547588,10
0.8,s4_4node_mixed,fixed_isolation,avg_latency,0.01860335958940964,0.00011109101746752365,10
0.8,s4_4node_mixed,fixed_isolation,throughput,2559.0800000000004,3.6894447722550847,10
0.8,s4_4node_mixed,fixed_isolation,goodput,2553.290909090909,5.1237717468770825,10
0.8,s4_4node_mixed,fixed_isolation,slo_violation_rate,0.0022603506157596693,0.002000043756730269,10
0.8,s4_4node_mixed,lit_blacklist,p99_latency,0.037577734711815095,0.00041788968394002946,10
0.8,s4_4node_mixed,lit_blacklist,p999_latency,0.04547781898779059,0.00138624361099524,10
0.8,s4_4node_mixed,lit_blacklist,p95_latency,0.030640251978513323,0.0005578036348258546,10
0.8,s4_4node_mixed,lit_blacklist,p50_latency,0.018109767882367178,0.00010691404968795396,10
0.8,s4_4node_mixed,lit_blacklist,avg_latency,0.01872305418906667,0.0001493043672120035,10
0.8,s4_4node_mixed,lit_blacklist,throughput,2559.8490909090906,4.697554064092212,10
0.8,s4_4node_mixed,lit_blacklist,goodput,2558.6818181818185,4.662822850755614,10
0.8,s4_4node_mixed,lit_blacklist,slo_violation_rate,0.0004559491206086408,5.397535145871535e-05,10
0.8,s4_4node_mixed,no_mitigation,p99_latency,0.1244541752422729,0.013490536448996438,10
0.8,s4_4node_mixed,no_mitigation,p999_latency,0.17700893263840248,0.013645223262216465,10
0.8,s4_4node_mixed,no_mitigation,p95_latency,0.03566622290815644,0.0005037846552901839,10
0.8,s4_4node_mixed,no_mitigation,p50_latency,0.0172488460072457,0.00017503561257580508,10
0.8,s4_4node_mixed,no_mitigation,avg_latency,0.020678597271305596,0.00048179602762362446,10
0.8,s4_4node_mixed,no_mitigation,throughput,2557.8109090909093,3.4541158574859763,10
0.8,s4_4node_mixed,no_mitigation,goodput,2465.541818181818,5.010306430591534,10
0.8,s4_4node_mixed,no_mitigation,slo_violation_rate,0.03607279899916723,0.0016948803470844544,10
0.8,s6_cascade,adaptive,p99_latency,0.03184034214550699,0.00030849748494760673,10
0.8,s6_cascade,adaptive,p999_latency,0.039199130948762685,0.000184490140551579,10
0.8,s6_cascade,adaptive,p95_latency,0.02751941915135031,8.041440331780275e-05,10
0.8,s6_cascade,adaptive,p50_latency,0.015744493496867618,5.564454521850943e-05,10
0.8,s6_cascade,adaptive,avg_latency,0.016274596280624422,4.53447440669346e-05,10
0.8,s6_cascade,adaptive,throughput,2557.46,2.631307381327179,10
0.8,s6_cascade,adaptive,goodput,2556.0763636363636,2.641586327662471,10
0.8,s6_cascade,adaptive,slo_violation_rate,0.000541027921147957,1.3625365867475848e-05,10
0.8,s6_cascade,fixed_isolation,p99_latency,0.03175095917402574,0.0002354828629134571,10
0.8,s6_cascade,fixed_isolation,p999_latency,0.039181142508748705,0.00015356096644980242,10
0.8,s6_cascade,fixed_isolation,p95_latency,0.027516913587906283,7.389635803377228e-05,10
0.8,s6_cascade,fixed_isolation,p50_latency,0.015775258784100642,4.9656347098213764e-05,10
0.8,s6_cascade,fixed_isolation,avg_latency,0.01629296335060327,5.098676315049584e-05,10
0.8,s6_cascade,fixed_isolation,throughput,2559.492727272727,3.731779376120741,10
0.8,s6_cascade,fixed_isolation,goodput,2558.1272727272726,3.7220432282682148,10
0.8,s6_cascade,fixed_isolation,slo_violation_rate,0.0005334785693330327,8.142438615789359e-06,10
0.8,s6_cascade,lit_blacklist,p99_latency,0.03152787687342921,0.00022572083132755305,10
0.8,s6_cascade,lit_blacklist,p999_latency,0.038590293976038734,0.00017178266202212304,10
0.8,s6_cascade,lit_blacklist,p95_latency,0.027433906050978563,7.691661320022837e-05,10
0.8,s6_cascade,lit_blacklist,p50_latency,0.015729526799809435,5.187654105179584e-05,10
0.8,s6_cascade,lit_blacklist,avg_latency,0.01622945924002686,4.687836611222502e-05,10
0.8,s6_cascade,lit_blacklist,throughput,2555.990909090909,5.108963563708149,10
0.8,s6_cascade,lit_blacklist,goodput,2555.2890909090906,5.098880898876146,10
0.8,s6_cascade,lit_blacklist,slo_violation_rate,0.0002745656422745092,1.4092530168500952e-05,10
0.8,s6_cascade,no_mitigation,p99_latency,0.11498188247975945,0.0010789566631031844,10
0.8,s6_cascade,no_mitigation,p999_latency,0.18685445804032513,0.0012297855561438555,10
0.8,s6_cascade,no_mitigation,p95_latency,0.028633917948658782,7.22329470930001e-05,10
0.8,s6_cascade,no_mitigation,p50_latency,0.01578010465212003,7.460569850297141e-05,10
0.8,s6_cascade,no_mitigation,avg_latency,0.018001322067303198,6.82177215195151e-05,10
0.8,s6_cascade,no_mitigation,throughput,2566.487272727273,4.631527019288369,10
0.8,s6_cascade,no_mitigation,goodput,2524.5381818181822,4.593863834716858,10
0.8,s6_cascade,no_mitigation,slo_violation_rate,0.0163449877824714,6.149705660451343e-05,10
0.85,s3_2node_3x,adaptive,p99_latency,0.036679881259512506,0.00034911965884976354,10
0.85,s3_2node_3x,adaptive,p999_latency,0.0486962643515766,0.005953500917830508,10
0.85,s3_2node_3x,adaptive,p95_latency,0.029766639623455965,0.00023125851841673662,10
0.85,s3_2node_3x,adaptive,p50_latency,0.017890079661294057,0.0001306215755784146,10
0.85,s3_2node_3x,adaptive,avg_latency,0.01840288878491783,0.0001513709380818163,10
0.85,s3_2node_3x,adaptive,throughput,2725.3654545454547,6.039277857358063,10
0.85,s3_2node_3x,adaptive,goodput,2723.0836363636363,6.131995894501812,10
0.85,s3_2node_3x,adaptive,slo_violation_rate,0.0008372626085909071,0.0003829153433819361,10
0.85,s3_2node_3x,fixed_isolation,p99_latency,0.03633621364947267,0.00023597237510443364,10
0.85,s3_2node_3x,fixed_isolation,p999_latency,0.04362402535060399,0.002576900386053947,10
0.85,s3_2node_3x,fixed_isolation,p95_latency,0.029627663549487815,9.442154445833749e-05,10
0.85,s3_2node_3x,fixed_isolation,p50_latency,0.017812313927463297,4.333052567278104e-05,10
0.85,s3_2node_3x,fixed_isolation,avg_latency,0.018306513373757514,6.238527706019767e-05,10
0.85,s3_2node_3x,fixed_isolation,throughput,2718.6345454545453,2.989490291655617,10
0.85,s3_2node_3x,fixed_isolation,goodput,2717.152727272727,2.8208939892455596,10
0.85,s3_2node_3x,fixed_isolation,slo_violation_rate,0.0005449262497934358,0.0001435651915502442,10
0.85,s3_2node_3x,lit_blacklist,p99_latency,0.036547897955038725,0.00038905499624482807,10
0.85,s3_2node_3x,lit_blacklist,p999_latency,0.04252241083064219,0.0014580287316971854,10
0.85,s3_2node_3x,lit_blacklist,p95_latency,0.029679768080778345,0.00013835605765572092,10
0.85,s3_2node_3x,lit_blacklist,p50_latency,0.01784654491312789,8.908430105953618e-05,10
0.85,s3_2node_3x,lit_blacklist,avg_latency,0.01833789044190175,0.0001107464498280294,10
0.85,s3_2node_3x,lit_blacklist,throughput,2720.3709090909097,4.3727482261767605,10
0.85,s3_2node_3x,lit_blacklist,goodput,2719.727272727273,4.3553767607109455,10
0.85,s3_2node_3x,lit_blacklist,slo_violation_rate,0.00023658106079222225,2.6433724866078662e-05,10
0.85,s3_2node_3x,no_mitigation,p99_latency,0.08238897717897917,0.00023436637452256534,10
0.85,s3_2node_3x,no_mitigation,p999_latency,0.11402012216530136,0.0006135781876341495,10
0.85,s3_2node_3x,no_mitigation,p95_latency,0.030381015855176424,0.00021525626245137553,10
0.85,s3_2node_3x,no_mitigation,p50_latency,0.017270745170854872,4.403389108300539e-05,10
0.85,s3_2node_3x,no_mitigation,avg_latency,0.018880633020723188,5.1071196993371735e-05,10
0.85,s3_2node_3x,no_mitigation,throughput,2713.281818181818,3.821819383481361,10
0.85,s3_2node_3x,no_mitigation,goodput,2656.5709090909086,3.6974550978903786,10
0.85,s3_2node_3x,no_mitigation,slo_violation_rate,0.02090117348311573,0.0001036262330074159,10
0.85,s4_4node_mixed,adaptive,p99_latency,0.14689409132858705,0.01731036896503078,10
0.85,s4_4node_mixed,adaptive,p999_latency,0.20539396740795363,0.022841227402318306,10
0.85,s4_4node_mixed,adaptive,p95_latency,0.041125738699364686,0.0007946071747282044,10
0.85,s4_4node_mixed,adaptive,p50_latency,0.020468860360086973,0.0005254909482870271,10
0.85,s4_4node_mixed,adaptive,avg_latency,0.0247884862300238,0.0008191063559468431,10
0.85,s4_4node_mixed,adaptive,throughput,2719.0127272727273,3.386220028089308,10
0.85,s4_4node_mixed,adaptive,goodput,2617.8890909090906,10.80270766871928,10
0.85,s4_4node_mixed,adaptive,slo_violation_rate,0.03719659902819071,0.002926766339436799,10
0.85,s4_4node_mixed,fixed_isolation,p99_latency,0.14319906140157734,0.015583903293579034,10
0.85,s4_4node_mixed,fixed_isolation,p999_latency,0.20646425069791494,0.016922870774761116,10
0.85,s4_4node_mixed,fixed_isolation,p95_latency,0.04101693598165385,0.0005677677199759925,10
0.85,s4_4node_mixed,fixed_isolation,p50_latency,0.020488932186439344,0.0006011168771545837,10
0.85,s4_4node_mixed,fixed_isolation,avg_latency,0.024854921941891164,0.0007146602038894569,10
0.85,s4_4node_mixed,fixed_isolation,throughput,2719.883636363636,3.3800815653515905,10
0.85,s4_4node_mixed,fixed_isolation,goodput,2619.3218181818183,9.262203463069852,10
0.85,s4_4node_mixed,fixed_isolation,slo_violation_rate,0.03697446922788879,0.0028928271431521487,10
0.85,s4_4node_mixed,lit_blacklist,p99_latency,0.05686641761208119,0.0034253019059864082,10
0.85,s4_4node_mixed,lit_blacklist,p999_latency,0.06939969062650898,0.005074003570947386,10
0.85,s4_4node_mixed,lit_blacklist,p95_latency,0.046392461516307874,0.0018664367780194336,10
0.85,s4_4node_mixed,lit_blacklist,p50_latency,0.02569245407432099,0.00047292532519944676,10
0.85,s4_4node_mixed,lit_blacklist,avg_latency,0.0264446219747555,0.0006164776325682364,10
0.85,s4_4node_mixed,lit_blacklist,throughput,2721.950909090909,4.268370738520764,10
0.85,s4_4node_mixed,lit_blacklist,goodput,2653.667272727273,25.928829078611177,10
0.85,s4_4node_mixed,lit_blacklist,slo_violation_rate,0.025081307690998922,0.009691330835232643,10
0.85,s4_4node_mixed,no_mitigation,p99_latency,0.12622199614421986,0.019027935988059432,10
0.85,s4_4node_mixed,no_mitigation,p999_latency,0.18004189535654921,0.02780755011628415,10
0.85,s4_4node_mixed,no_mitigation,p95_latency,0.041145848265317315,0.0009194135587218262,10
0.85,s4_4node_mixed,no_mitigation,p50_latency,0.019877149629440715,0.00040674972120948366,10
0.85,s4_4node_mixed,no_mitigation,avg_latency,0.023933731758955714,0.0008193182010450205,10
0.85,s4_4node_mixed,no_mitigation,throughput,2720.4545454545455,4.383446296194377,10
0.85,s4_4node_mixed,no_mitigation,goodput,2611.3818181818183,5.932141077171899,10
0.85,s4_4node_mixed,no_mitigation,slo_violation_rate,0.04009071059254346,0.002342624512013017,10
0.85,s6_cascade,adaptive,p99_latency,0.038793853486152594,0.0015297289384959376,10
0.85,s6_cascade,adaptive,p999_latency,0.07887119240111391,0.031099778560614917,10
0.85,s6_cascade,adaptive,p95_latency,0.03076075880998691,0.00037761629840025844,10
0.85,s6_cascade,adaptive,p50_latency,0.017987606622525874,8.759634081532818e-05,10
0.85,s6_cascade,adaptive,avg_latency,0.018764693771436164,0.00015667137798161844,10
0.85,s6_cascade,adaptive,throughput,2720.06,4.283637409039509,10
0.85,s6_cascade,adaptive,goodput,2713.5800000000004,4.726464441217641,10
0.85,s6_cascade,adaptive,slo_violation_rate,0.0023801652203459577,0.0017218749510738548,10
0.85,s6_cascade,fixed_isolation,p99_latency,0.03825050842830724,0.0004046467696683432,10
0.85,s6_cascade,fixed_isolation,p999_latency,0.07767972608359101,0.02242013467213511,10
0.85,s6_cascade,fixed_isolation,p95_latency,0.03070505160264462,0.00039103083345126796,10
0.85,s6_cascade,fixed_isolation,p50_latency,0.017982113660647593,0.00012149360555778906,10
0.85,s6_cascade,fixed_isolation,avg_latency,0.01872600574842003,0.0001267552322323756,10
0.85,s6_cascade,fixed_isolation,throughput,2719.330909090909,5.645994299198647,10
0.85,s6_cascade,fixed_isolation,goodput,2713.3927272727274,6.404513500192207,10
0.85,s6_cascade,fixed_isolation,slo_violation_rate,0.0021839224287601893,0.0009958703570979862,10
0.85,s6_cascade,lit_blacklist,p99_latency,0.03847500964746941,0.0003351398531962449,10
0.85,s6_cascade,lit_blacklist,p999_latency,0.04738574634406802,0.0011449630894055623,10
0.85,s6_cascade,lit_blacklist,p95_latency,0.03159542685589572,0.000560929447093132,10
0.85,s6_cascade,lit_blacklist,p50_latency,0.01813035408693029,0.0001237019293897643,10
0.85,s6_cascade,lit_blacklist,avg_latency,0.018852187233025463,0.00015890089219498566,10
0.85,s6_cascade,lit_blacklist,throughput,2716.4618181818178,6.54378576739465,10
0.85,s6_cascade,lit_blacklist,goodput,2715.1799999999994,6.627581471364526,10
0.85,s6_cascade,lit_blacklist,slo_violation_rate,0.0004719848950871977,0.0001594156604237496,10
0.85,s6_cascade,no_mitigation,p99_latency,0.12693482618906737,0.000993870368593099,10
0.85,s6_cascade,no_mitigation,p999_latency,0.20044738261942233,0.0010580072867448298,10
0.85,s6_cascade,no_mitigation,p95_latency,0.03252299945897032,0.0003623547056876953,10
0.85,s6_cascade,no_mitigation,p50_latency,0.017905370706309355,7.738230256412746e-05,10
0.85,s6_cascade,no_mitigation,avg_latency,0.020308013943849908,0.00010570088939250032,10
0.85,s6_cascade,no_mitigation,throughput,2721.8309090909092,4.900177616359283,10
0.85,s6_cascade,no_mitigation,goodput,2679.04,4.874184792064751,10
0.85,s6_cascade,no_mitigation,slo_violation_rate,0.01572142840398892,2.9814504328192153e-05,10
0.88,s3_2node_3x,adaptive,p99_latency,0.056193840158062225,0.012092678862164781,10
0.88,s3_2node_3x,adaptive,p999_latency,0.10620956123068415,0.0065714074809088705,10
0.88,s3_2node_3x,adaptive,p95_latency,0.033670228755232366,0.0005576097621386785,10
0.88,s3_2node_3x,adaptive,p50_latency,0.018813451150041606,8.329980559219963e-05,10
0.88,s3_2node_3x,adaptive,avg_latency,0.02016966654177898,0.00027554383843832956,10
0.88,s3_2node_3x,adaptive,throughput,2810.6527272727276,4.4644055009465085,10
0.88,s3_2node_3x,adaptive,goodput,2778.0781818181817,10.726691090394548,10
0.88,s3_2node_3x,adaptive,slo_violation_rate,0.011589006624581961,0.0035858110550394113,10
0.88,s3_2node_3x,fixed_isolation,p99_latency,0.04920761601717933,0.0007368032477930252,10
0.88,s3_2node_3x,fixed_isolation,p999_latency,0.10606141121671742,0.001999816072418541,10
0.88,s3_2node_3x,fixed_isolation,p95_latency,0.033386987962297984,0.00028665454716703337,10
0.88,s3_2node_3x,fixed_isolation,p50_latency,0.018866386360653742,9.397857379840141e-05,10
0.88,s3_2node_3x,fixed_isolation,avg_latency,0.02008773621488635,0.00012473630231187748,10
0.88,s3_2node_3x,fixed_isolation,throughput,2813.7709090909093,4.497672467191929,10
0.88,s3_2node_3x,fixed_isolation,goodput,2786.3690909090906,4.584106524574654,10
0.88,s3_2node_3x,fixed_isolation,slo_violation_rate,0.009738554089907517,0.00022928993113230942,10
0.88,s3_2node_3x,lit_blacklist,p99_latency,0.040089887446522324,0.00068652935681742,10
0.88,s3_2node_3x,lit_blacklist,p999_latency,0.048522436940116674,0.0005476541634644138,10
0.88,s3_2node_3x,lit_blacklist,p95_latency,0.034901751520910476,0.0004552367557620349,10
0.88,s3_2node_3x,lit_blacklist,p50_latency,0.019645010669244733,0.00012377122185661915,10
0.88,s3_2node_3x,lit_blacklist,avg_latency,0.020713849322548154,0.0001970382508339734,10
0.88,s3_2node_3x,lit_blacklist,throughput,2814.66,4.576613125950297,10
0.88,s3_2node_3x,lit_blacklist,goodput,2813.274545454545,4.357919911588367,10
0.88,s3_2node_3x,lit_blacklist,slo_violation_rate,0.0004919981063493406,0.00013222350558258383,10
0.88,s3_2node_3x,no_mitigation,p99_latency,0.08787161785768982,0.0003387946993557212,10
0.88,s3_2node_3x,no_mitigation,p999_latency,0.11941507822374926,0.0005602744541361979,10
0.88,s3_2node_3x,no_mitigation,p95_latency,0.034852024673654794,0.0002907657015952818,10
0.88,s3_2node_3x,no_mitigation,p50_latency,0.01884935752401016,8.435866750887849e-05,10
0.88,s3_2node_3x,no_mitigation,avg_latency,0.020847498177433917,0.00012426597881609578,10
0.88,s3_2node_3x,no_mitigation,throughput,2814.2,5.079551656513626,10
0.88,s3_2node_3x,no_mitigation,goodput,2755.3745454545456,4.829572524326992,10
0.88,s3_2node_3x,no_mitigation,slo_violation_rate,0.020902914236543894,9.778083437133586e-05,10
0.88,s4_4node_mixed,adaptive,p99_latency,0.17023407758718326,0.016173376337313163,10
0.88,s4_4node_mixed,adaptive,p999_latency,0.2500681223517923,0.014535873698725207,10
0.88,s4_4node_mixed,adaptive,p95_latency,0.050868097781897235,0.0014168403832447898,10
0.88,s4_4node_mixed,adaptive,p50_latency,0.025755397677681112,0.0005825945367405412,10
0.88,s4_4node_mixed,adaptive,avg_latency,0.03007854508369252,0.0009508010968789174,10
0.88,s4_4node_mixed,adaptive,throughput,2813.0254545454545,6.033556927090748,10
0.88,s4_4node_mixed,adaptive,goodput,2667.432727272727,11.861336266387895,10
0.88,s4_4node_mixed,adaptive,slo_violation_rate,0.05175865896807832,0.003379621674614801,10
0.88,s4_4node_mixed,fixed_isolation,p99_latency,0.1755095249753064,0.02084230446831275,10
0.88,s4_4node_mixed,fixed_isolation,p999_latency,0.2522510616299375,0.024702650223853585,10
0.88,s4_4node_mixed,fixed_isolation,p95_latency,0.05149230305968681,0.0026120776866374465,10
0.88,s4_4node_mixed,fixed_isolation,p50_latency,0.02598394103345747,0.0011700995493877902,10
0.88,s4_4node_mixed,fixed_isolation,avg_latency,0.03041806915439942,0.001710240567712707,10
0.88,s4_4node_mixed,fixed_isolation,throughput,2812.3618181818183,4.840388832887059,10
0.88,s4_4node_mixed,fixed_isolation,goodput,2656.572727272727,25.59881449262698,10
0.88,s4_4node_mixed,fixed_isolation,slo_violation_rate,0.055372133682290194,0.010176558429305498,10
0.88,s4_4node_mixed,lit_blacklist,p99_latency,0.3519433851486425,0.10960993549642176,10
0.88,s4_4node_mixed,lit_blacklist,p999_latency,0.3647754107067292,0.11054122719540665,10
0.88,s4_4node_mixed,lit_blacklist,p95_latency,0.33063027123519156,0.10487884994347016,10
0.88,s4_4node_mixed,lit_blacklist,p50_latency,0.16964921469778868,0.06421594233738384,10
0.88,s4_4node_mixed,lit_blacklist,avg_latency,0.17297081269237022,0.05856367141273621,10
0.88,s4_4node_mixed,lit_blacklist,throughput,2798.2163636363634,2.5972370069127075,10
0.88,s4_4node_mixed,lit_blacklist,goodput,596.6454545454544,266.76305389930724,10
0.88,s4_4node_mixed,lit_blacklist,slo_violation_rate,0.7866413700926252,0.09568455076442071,10
0.88,s4_4node_mixed,no_mitigation,p99_latency,0.1622122200197864,0.022009595428644647,10
0.88,s4_4node_mixed,no_mitigation,p999_latency,0.23138120051784852,0.03715269185765663,10
0.88,s4_4node_mixed,no_mitigation,p95_latency,0.05174043355413559,0.0024256887279923305,10
0.88,s4_4node_mixed,no_mitigation,p50_latency,0.0254119283404755,0.001013998350888371,10
0.88,s4_4node_mixed,no_mitigation,avg_latency,0.029619905916386358,0.0015445426381918666,10
0.88,s4_4node_mixed,no_mitigation,throughput,2813.7745454545457,4.640991248122184,10
0.88,s4_4node_mixed,no_mitigation,goodput,2658.030909090909,23.90898794365449,10
0.88,s4_4node_mixed,no_mitigation,slo_violation_rate,0.05534552546711426,0.008661077737135167,10
0.88,s6_cascade,adaptive,p99_latency,0.07483780785070797,0.02564956072361488,10
0.88,s6_cascade,adaptive,p999_latency,0.20049159407358305,0.01903847893178176,10
0.88,s6_cascade,adaptive,p95_latency,0.03628603772980285,0.00039248293361622696,10
0.88,s6_cascade,adaptive,p50_latency,0.019461688456626193,0.00012157927448296462,10
0.88,s6_cascade,adaptive,avg_latency,0.021688845925182672,0.00033249111729355727,10
0.88,s6_cascade,adaptive,throughput,2810.125454545455,3.4121676020238976,10
0.88,s6_cascade,adaptive,goodput,2780.3072727272724,8.602368786644371,10
0.88,s6_cascade,adaptive,slo_violation_rate,0.010611532377438823,0.0027035889304103515,10
0.88,s6_cascade,fixed_isolation,p99_latency,0.06700117110670226,0.022534229616469968,10
0.88,s6_cascade,fixed_isolation,p999_latency,0.18233718643741273,0.024495551417028902,10
0.88,s6_cascade,fixed_isolation,p95_latency,0.03689279823583724,0.0009835197577531128,10
0.88,s6_cascade,fixed_isolation,p50_latency,0.01967480262378003,0.00020686122077734904,10
0.88,s6_cascade,fixed_isolation,avg_latency,0.021812970703544873,0.00046272280515846046,10
0.88,s6_cascade,fixed_isolation,throughput,2818.130909090909,5.749302413329177,10
0.88,s6_cascade,fixed_isolation,goodput,2788.9,9.361639393999958,10
0.88,s6_cascade,fixed_isolation,slo_violation_rate,0.010366256152129584,0.003729434041903805,10
0.88,s6_cascade,lit_blacklist,p99_latency,0.048193405640738825,0.002160236707017799,10
0.88,s6_cascade,lit_blacklist,p999_latency,0.05811459439159437,0.0033021596877253934,10
0.88,s6_cascade,lit_blacklist,p95_latency,0.03878354687527185,0.0009558832848580669,10
0.88,s6_cascade,lit_blacklist,p50_latency,0.02030832747150484,0.00036913638891451734,10
0.88,s6_cascade,lit_blacklist,avg_latency,0.02199653561262433,0.0003552433624857652,10
0.88,s6_cascade,lit_blacklist,throughput,2812.8218181818183,5.450161473865663,10
0.88,s6_cascade,lit_blacklist,goodput,2795.0636363636368,8.741978338966069,10
0.88,s6_cascade,lit_blacklist,slo_violation_rate,0.006309155829813423,0.003259091556570057,10
0.88,s6_cascade,no_mitigation,p99_latency,0.13702774753166805,0.0012548277222137018,10
0.88,s6_cascade,no_mitigation,p999_latency,0.23277049024639895,0.0024064966826265917,10
0.88,s6_cascade,no_mitigation,p95_latency,0.037096008344397656,0.00046236108625119027,10
0.88,s6_cascade,no_mitigation,p50_latency,0.019529908281597043,7.515259501974089e-05,10
0.88,s6_cascade,no_mitigation,avg_latency,0.02265460576153888,0.0001672473490445527,10
0.88,s6_cascade,no_mitigation,throughput,2815.170909090909,3.626845254640082,10
0.88,s6_cascade,no_mitigation,goodput,2769.8109090909093,3.1599862650163955,10
0.88,s6_cascade,no_mitigation,slo_violation_rate,0.016112116672689997,0.0005509344805289505,10
0.9,s3_2node_3x,adaptive,p99_latency,0.055787364612405986,0.00978117507767963,10
0.9,s3_2node_3x,adaptive,p999_latency,0.11366881919315519,0.004402931894186299,10
0.9,s3_2node_3x,adaptive,p95_latency,0.03671449853421334,0.0002818891325430843,10
0.9,s3_2node_3x,adaptive,p50_latency,0.020243701665596258,0.0001681858871444396,10
0.9,s3_2node_3x,adaptive,avg_latency,0.0219175577624479,0.0002024527644855463,10
0.9,s3_2node_3x,adaptive,throughput,2874.9490909090905,4.449228272236979,10
0.9,s3_2node_3x,adaptive,goodput,2841.9963636363636,6.359142604980307,10
0.9,s3_2node_3x,adaptive,slo_violation_rate,0.011458648338476584,0.0025133864153340647,10
0.9,s3_2node_3x,fixed_isolation,p99_latency,0.05031927294889227,0.0015654484322912287,10
0.9,s3_2node_3x,fixed_isolation,p999_latency,0.11273327202459513,0.0017149418587608688,10
0.9,s3_2node_3x,fixed_isolation,p95_latency,0.03696161154483324,0.0003886619481199617,10
0.9,s3_2node_3x,fixed_isolation,p50_latency,0.020571677320039505,0.000269903543848925,10
0.9,s3_2node_3x,fixed_isolation,avg_latency,0.022060945344739194,0.00019972326620991556,10
0.9,s3_2node_3x,fixed_isolation,throughput,2879.0254545454545,4.435300543203768,10
0.9,s3_2node_3x,fixed_isolation,goodput,2850.4490909090905,4.34716075283094,10
0.9,s3_2node_3x,fixed_isolation,slo_violation_rate,0.0099254015573895,0.0005456790849749727,10
0.9,s3_2node_3x,lit_blacklist,p99_latency,0.04678590308669424,0.0008879859646798824,10
0.9,s3_2node_3x,lit_blacklist,p999_latency,0.05523001816034834,0.0016171049332405181,10
0.9,s3_2node_3x,lit_blacklist,p95_latency,0.03895623264898081,0.0005389780773756245,10
0.9,s3_2node_3x,lit_blacklist,p50_latency,0.022882835663128986,0.00036599883495372435,10
0.9,s3_2node_3x,lit_blacklist,avg_latency,0.023415061317184634,0.00033552673544303915,10
0.9,s3_2node_3x,lit_blacklist,throughput,2877.094545454546,5.600755947077262,10
0.9,s3_2node_3x,lit_blacklist,goodput,2868.1381818181817,4.719837314373391,10
0.9,s3_2node_3x,lit_blacklist,slo_violation_rate,0.003110723253469763,0.0012214865025937773,10
0.9,s3_2node_3x,no_mitigation,p99_latency,0.09629390669729168,0.0009140972987427606,10
0.9,s3_2node_3x,no_mitigation,p999_latency,0.1347027034983675,0.001965521529726702,10
0.9,s3_2node_3x,no_mitigation,p95_latency,0.03786913618200295,0.00040490697096191554,10
0.9,s3_2node_3x,no_mitigation,p50_latency,0.020583820782578633,0.00025843789040438405,10
0.9,s3_2node_3x,no_mitigation,avg_latency,0.022894062932706006,0.00021636515520375625,10
0.9,s3_2node_3x,no_mitigation,throughput,2884.8181818181815,3.580400870499927,10
0.9,s3_2node_3x,no_mitigation,goodput,2823.7109090909094,3.03204328591784,10
0.9,s3_2node_3x,no_mitigation,slo_violation_rate,0.02118193925116733,0.00032099889995320177,10
0.9,s4_4node_mixed,adaptive,p99_latency,0.215540078368555,0.0475947863197534,10
0.9,s4_4node_mixed,adaptive,p999_latency,0.3268882280101718,0.07751596159402652,10
0.9,s4_4node_mixed,adaptive,p95_latency,0.07377013175951105,0.011830021041457566,10
0.9,s4_4node_mixed,adaptive,p50_latency,0.03550936068036421,0.005653167330975607,10
0.9,s4_4node_mixed,adaptive,avg_latency,0.041152782612951556,0.0069565219508648255,10
0.9,s4_4node_mixed,adaptive,throughput,2880.3981818181815,2.727275016116208,10
0.9,s4_4node_mixed,adaptive,goodput,2291.930909090909,315.0431425367101,10
0.9,s4_4node_mixed,adaptive,slo_violation_rate,0.20420533256080597,0.10971693764189656,10
0.9,s4_4node_mixed,fixed_isolation,p99_latency,0.20850632414164746,0.02487362758932764,10
0.9,s4_4node_mixed,fixed_isolation,p999_latency,0.3309217404856108,0.04242492412583691,10
0.9,s4_4node_mixed,fixed_isolation,p95_latency,0.073431455802058,0.007528976194029349,10
0.9,s4_4node_mixed,fixed_isolation,p50_latency,0.03416863486235977,0.002562400350563469,10
0.9,s4_4node_mixed,fixed_isolation,avg_latency,0.040188411650226886,0.003242072733867763,10
0.9,s4_4node_mixed,fixed_isolation,throughput,2874.8563636363633,5.825879487122402,10
0.9,s4_4node_mixed,fixed_isolation,goodput,2312.5763636363636,153.29007675006176,10
0.9,s4_4node_mixed,fixed_isolation,slo_violation_rate,0.1954570462674384,0.05439203076901038,10
0.9,s4_4node_mixed,lit_blacklist,p99_latency,1.3549581068350949,0.06942177801601764,10
0.9,s4_4node_mixed,lit_blacklist,p999_latency,1.3781640675939273,0.06954468857095143,10
0.9,s4_4node_mixed,lit_blacklist,p95_latency,1.2978449096640456,0.07501038891422433,10
0.9,s4_4node_mixed,lit_blacklist,p50_latency,0.632215909274468,0.06700534320249117,10
0.9,s4_4node_mixed,lit_blacklist,avg_latency,0.6339850272875577,0.049442988681603725,10
0.9,s4_4node_mixed,lit_blacklist,throughput,2806.481818181818,1.4756140804730704,10
0.9,s4_4node_mixed,lit_blacklist,goodput,320.47818181818184,14.601709931816409,10
0.9,s4_4node_mixed,lit_blacklist,slo_violation_rate,0.8858086929097256,0.005190713196032953,10
0.9,s4_4node_mixed,no_mitigation,p99_latency,0.2460756362615976,0.04104603457568316,10
0.9,s4_4node_mixed,no_mitigation,p999_latency,0.3710824909170375,0.04634462110274903,10
0.9,s4_4node_mixed,no_mitigation,p95_latency,0.08113088041090624,0.007359579795191692,10
0.9,s4_4node_mixed,no_mitigation,p50_latency,0.03961072841763809,0.0055264058345181446,10
0.9,s4_4node_mixed,no_mitigation,avg_latency,0.04577193947950847,0.005686078150516123,10
0.9,s4_4node_mixed,no_mitigation,throughput,2881.8563636363638,2.3555949298416596,10
0.9,s4_4node_mixed,no_mitigation,goodput,2039.2090909090907,297.10056340879873,10
0.9,s4_4node_mixed,no_mitigation,slo_violation_rate,0.29237275354365055,0.1031563738887898,10
0.9,s6_cascade,adaptive,p99_latency,0.13028802835456255,0.002572398283680854,10
0.9,s6_cascade,adaptive,p999_latency,0.2504245419379934,0.005718776747824005,10
0.9,s6_cascade,adaptive,p95_latency,0.041270549591029396,0.001257190106601097,10
0.9,s6_cascade,adaptive,p50_latency,0.02227574611923817,0.0004016419381664979,10
0.9,s6_cascade,adaptive,avg_latency,0.025071554810173424,0.00039627409527794375,10
0.9,s6_cascade,adaptive,throughput,2879.5254545454545,5.2519146523513776,10
0.9,s6_cascade,adaptive,goodput,2820.569090909091,7.632717568977193,10
0.9,s6_cascade,adaptive,slo_violation_rate,0.020471184643391878,0.002707353019396273,10
0.9,s6_cascade,fixed_isolation,p99_latency,0.13034848369293686,0.004063651299127495,10
0.9,s6_cascade,fixed_isolation,p999_latency,0.2528766613432335,0.007369740266894406,10
0.9,s6_cascade,fixed_isolation,p95_latency,0.04172063303099351,0.001608772395728243,10
0.9,s6_cascade,fixed_isolation,p50_latency,0.022171058372027107,0.00037766864254690154,10
0.9,s6_cascade,fixed_isolation,avg_latency,0.0250884180530285,0.00046051523443279673,10
0.9,s6_cascade,fixed_isolation,throughput,2877.1290909090903,4.117568861033349,10
0.9,s6_cascade,fixed_isolation,goodput,2814.725454545454,8.096595998197925,10
0.9,s6_cascade,fixed_isolation,slo_violation_rate,0.02168318659851236,0.0036057008563915895,10
0.9,s6_cascade,lit_blacklist,p99_latency,0.0954863140385148,0.027595054192885816,10
0.9,s6_cascade,lit_blacklist,p999_latency,0.1084556725219897,0.028299839276940193,10
0.9,s6_cascade,lit_blacklist,p95_latency,0.07872976940129331,0.025153104867287796,10
0.9,s6_cascade,lit_blacklist,p50_latency,0.025725961421541977,0.0005815050094509056,10
0.9,s6_cascade,lit_blacklist,avg_latency,0.032633482415054094,0.005730609171647329,10
0.9,s6_cascade,lit_blacklist,throughput,2880.6472727272726,3.587445524195476,10
0.9,s6_cascade,lit_blacklist,goodput,2485.538181818182,195.46525942815407,10
0.9,s6_cascade,lit_blacklist,slo_violation_rate,0.13717385709766114,0.067728161425452,10
0.9,s6_cascade,no_mitigation,p99_latency,0.14679273030431372,0.0010405233448871668,10
0.9,s6_cascade,no_mitigation,p999_latency,0.2552973240427423,0.008183646917880826,10
0.9,s6_cascade,no_mitigation,p95_latency,0.042369908258398245,0.0017855316423687022,10
0.9,s6_cascade,no_mitigation,p50_latency,0.022468126432262547,0.000323088861673438,10
0.9,s6_cascade,no_mitigation,avg_latency,0.02553003851940755,0.00040075351880367705,10
0.9,s6_cascade,no_mitigation,throughput,2879.1981818181816,5.578516929091708,10
0.9,s6_cascade,no_mitigation,goodput,2813.465454545454,14.166955049488127,10
0.9,s6_cascade,no_mitigation,slo_violation_rate,0.022828032142199577,0.004798133007857347,10
