service_cv,cv_sq,load_factor,run_id,seed,elapsed_sec,total,avg_latency,p50_latency,p95_latency,p99_latency,p999_latency,max_latency,tail_ratio,throughput,goodput,slo_violation_rate,hedge_count,affected_ratio
0.0,0.0,0.7,2,44,13.582442283630371,111562,0.013093492708629475,0.010000000000001563,0.019927963608939957,0.02620328452110549,0.029311096664258532,0.03658368120439093,2.6203284521101393,2231.24,2231.24,0.0,0,0.0
0.0,0.0,0.7,1,43,13.635626316070557,111909,0.013146683009825185,0.010000000000001563,0.019958981191384593,0.026414352308094777,0.029521803687067527,0.03616798871179583,2.6414352308090647,2238.18,2238.18,0.0,0,0.0
0.0,0.0,0.7,4,46,13.797274589538574,112550,0.013202208637179375,0.010000000000001563,0.02008259489582808,0.02653283832256067,0.029504056720314115,0.039438712314705526,2.653283832255652,2251.0,2251.0,0.0,0,0.0
0.0,0.0,0.7,5,47,13.828789710998535,111768,0.013113845292455205,0.010000000000001563,0.01994216875838948,0.026276959820415488,0.029412514171128192,0.03777094162924044,2.627695982041138,2235.36,2235.36,0.0,0,0.0
0.0,0.0,0.7,6,48,13.840228080749512,111406,0.01306799482500127,0.010000000000001563,0.01990314749348432,0.02600264126644835,0.029536374626387887,0.03915113116357816,2.6002641266444284,2228.12,2228.12,0.0,0,0.0
0.0,0.0,0.7,9,51,13.844239234924316,111497,0.013072538811931971,0.010000000000001563,0.019910132160762827,0.026113687932231053,0.029277967227327333,0.03936352546175925,2.611368793222697,2229.94,2229.94,0.0,0,0.0
0.0,0.0,0.7,0,42,13.908247232437134,112531,0.013157939109941017,0.010000000000001563,0.019990333533509208,0.026549162272271686,0.02963803801273237,0.03884460575227422,2.6549162272267535,2250.62,2250.62,0.0,0,0.0
0.0,0.0,0.7,7,49,13.962854862213135,112453,0.013175973571893181,0.010000000000001563,0.019973898337799768,0.02631423763411305,0.02963014562477564,0.039272762740719,2.631423763410894,2249.06,2249.06,0.0,0,0.0
0.0,0.0,0.7,3,45,14.037247896194458,112386,0.013140169494189906,0.010000000000001563,0.01995022749225761,0.02627654917238613,0.029549803347695316,0.03762330783789736,2.627654917238202,2247.72,2247.72,0.0,0,0.0
0.0,0.0,0.7,8,50,14.044844627380371,112179,0.013144042220270508,0.010000000000001563,0.019962225426521662,0.02623562285532312,0.029364151427499492,0.03837358004652991,2.623562285531902,2243.58,2243.58,0.0,0,0.0
0.0,0.0,0.75,2,44,14.516121864318848,119570,0.013776969721786082,0.011758763320155907,0.022279470176488726,0.027436379539294363,0.029922860575936454,0.039505146217095444,2.3332708374413125,2391.4,2391.4,0.0,0,0.0
0.0,0.0,0.75,4,46,14.534273624420166,120549,0.013931789942274507,0.012024063302774834,0.022945109004696807,0.027871111340351435,0.031096325859023492,0.03959824250680555,2.3179444950127235,2410.98,2410.98,0.0,0,0.0
0.0,0.0,0.75,1,43,14.57623815536499,119731,0.013843115788833054,0.011865859566498216,0.02251471662600224,0.027600492104133418,0.030575312884739567,0.039814032415712575,2.326042369661949,2394.62,2394.62,0.0,0,0.0
0.0,0.0,0.75,7,49,14.549690961837769,120506,0.01388769017668,0.012009629403458177,0.02270275040937353,0.02770198646795059,0.029946135834603958,0.04619391715738175,2.306647902055478,2410.12,2410.12,0.0,0,0.0
0.0,0.0,0.75,5,47,14.61750054359436,119823,0.013818228619455286,0.011775374476492573,0.022445661364117693,0.02753863687225248,0.029956939906766136,0.03901784097151051,2.338663362870407,2396.46,2396.46,0.0,0,0.0
0.0,0.0,0.75,0,42,14.659578084945679,120522,0.013872167819717002,0.011929686553315832,0.022702011212437506,0.02775222234543243,0.031350556974291954,0.04105089157214081,2.326316137595313,2410.44,2410.44,0.0,0,0.0
0.0,0.0,0.75,3,45,14.669679403305054,120336,0.013850776630180452,0.011924652429661009,0.022462468421776904,0.02752952326915333,0.02998524832418857,0.039787007536354224,2.308622698358675,2406.72,2406.72,0.0,0,0.0
0.0,0.0,0.75,6,48,14.689661741256714,119350,0.013757076768243993,0.011698960382664936,0.02211841679148829,0.027444053294830392,0.03044927215230113,0.03888344001395083,2.3458540243880064,2387.0,2387.0,0.0,0,0.0
0.0,0.0,0.75,8,50,14.934484720230103,120068,0.013822962462922911,0.011880105881004965,0.022418602925985274,0.027486502842165274,0.029975496137248266,0.043187647648991856,2.3136580698420617,2401.36,2401.36,0.0,0,0.0
0.0,0.0,0.75,9,51,14.453548431396484,119468,0.013759225455727565,0.011692598925204578,0.022166611992115826,0.027473720927834934,0.029828916097839418,0.03949248829756158,2.3496676062849082,2389.36,2389.36,0.0,0,0.0
0.0,0.0,0.78,0,42,15.11951732635498,125411,0.014409026679472775,0.013116047745633352,0.02415987887365123,0.028493740034403456,0.0328252775944684,0.042730782648369825,2.172433387480593,2508.22,2508.22,0.0,0,0.0
0.0,0.0,0.78,3,45,14.937133073806763,125057,0.014379407325632506,0.013067259385849184,0.02400407636306525,0.02835514984716241,0.03245017506189279,0.041479599760318564,2.1699385471653536,2501.14,2501.14,0.0,0,0.0
0.0,0.0,0.78,2,44,15.094756364822388,124409,0.014293414327721483,0.01292630514454629,0.023746456523957696,0.02822741216545097,0.032306854279048655,0.03990448881757658,2.183718537494091,2488.18,2488.18,0.0,0,0.0
0.0,0.0,0.78,5,47,15.055079460144043,124550,0.014338516159708924,0.012976740875361159,0.02392426671039782,0.02825984289945189,0.03222255318208611,0.03982739192844775,2.177730384761604,2491.0,2491.0,0.0,0,0.0
0.0,0.0,0.78,1,43,15.22616696357727,124592,0.014390650375060465,0.013060892725427209,0.024105345113652987,0.02843003455256692,0.03344385626098679,0.045325349913753143,2.176729810912447,2491.84,2491.84,0.0,0,0.0
0.0,0.0,0.78,4,46,15.292309284210205,125369,0.014456041891128679,0.013196041174339257,0.024259152505176466,0.02847136759823328,0.033190609474830386,0.03988920946086694,2.157568866456563,2507.38,2507.38,0.0,0,0.0
0.0,0.0,0.78,6,48,15.253993272781372,124157,0.014270582493349742,0.01286588007825884,0.023738184728375338,0.028246248405128262,0.032944540903074186,0.04322372074570957,2.1954384957201367,2483.14,2483.14,0.0,0,0.0
0.0,0.0,0.78,8,50,15.397966861724854,125004,0.014376760584375608,0.013083577362149157,0.023948863550824113,0.028269691703597888,0.03241906251244335,0.041978084468070165,2.160700466019502,2500.08,2500.08,0.0,0,0.0
0.0,0.0,0.78,7,49,15.469520330429077,125259,0.01440784199858274,0.013116135325788036,0.024060030890885285,0.028283791247914747,0.03274336398504531,0.04139863322883386,2.1564119723822244,2505.18,2505.18,0.0,0,0.0
0.0,0.0,0.78,9,51,15.108715772628784,124264,0.014269343346556804,0.012882854495576801,0.02358969158713737,0.02817269943549185,0.031579812830358475,0.03996362172149048,2.1868367328967864,2485.28,2485.28,0.0,0,0.0
0.0,0.0,0.8,1,43,15.404922723770142,127822,0.014769744711212798,0.013756869343023226,0.024986840508828313,0.028879767721975674,0.03453961706370171,0.04582703931128407,2.099297958123154,2556.44,2556.44,0.0,0,0.0
0.0,0.0,0.8,0,42,15.613276481628418,128664,0.014847192168842555,0.013876801308148501,0.025184580568451045,0.029003267728394348,0.0349158802127937,0.0454125130822689,2.0900542628194536,2573.28,2573.28,0.0,0,0.0
0.0,0.0,0.8,5,47,15.570467233657837,127817,0.014761102049424763,0.013772078678186972,0.024896953507153794,0.028815739677456795,0.0342224706932694,0.03984535477972884,2.0923304572095467,2556.34,2556.34,0.0,0,0.0
0.0,0.0,0.8,4,46,15.593733787536621,128543,0.014885527607220606,0.013949552844458424,0.025192490004082656,0.02896047550587881,0.03429320695625448,0.041454110007379086,2.076086296729117,2570.86,2570.86,0.0,0,0.0
0.0,0.0,0.8,6,48,15.607056379318237,127270,0.014657088616249318,0.013604841675078916,0.02459211493267936,0.028636839746121617,0.03438876020262096,0.04331809140786724,2.104900625089818,2545.4,2545.4,0.0,0,0.0
0.0,0.0,0.8,2,44,15.792175054550171,127733,0.014728492314115197,0.01371202726524956,0.024794210658444615,0.028775592739022356,0.033948740438835175,0.04080910689316397,2.098565892728965,2554.66,2554.66,0.0,0,0.0
0.0,0.0,0.8,3,45,15.89262318611145,128288,0.014767535057607075,0.013773912850147063,0.024865958624995337,0.02875665610715888,0.03395616813767818,0.03975768622711939,2.0877623098110316,2565.76,2565.76,0.0,0,0.0
0.0,0.0,0.8,7,49,15.566417694091797,128536,0.014834117436890566,0.0138798617463749,0.02504896679117774,0.028806538109387412,0.034268151585579554,0.03988022799629931,2.075419671734916,2570.72,2570.72,0.0,0,0.0
0.0,0.0,0.8,8,50,15.97679090499878,128226,0.014792383919262261,0.013813915568700708,0.02494045826745772,0.02885723296675735,0.03458797546824687,0.043178632356326574,2.0889973464251868,2564.52,2564.52,0.0,0,0.0
0.0,0.0,0.8,9,51,16.38450574874878,127381,0.014634273305626505,0.013543989618586494,0.02456857688771663,0.028586821760109866,0.03320514797278237,0.039118008839583496,2.110664771987126,2547.62,2547.62,0.0,0,0.0
0.0,0.0,0.82,0,42,16.376315355300903,131926,0.015339837797516775,0.014626816429908374,0.02605781780527927,0.029449639757237023,0.035953740316911745,0.04515965489897411,2.013400516671522,2638.52,2638.52,0.0,0,0.0
0.0,0.0,0.82,1,43,16.531758069992065,130927,0.015231661824239483,0.014499338016818797,0.0258354582857482,0.029330045143170135,0.035994537377518177,0.04571529064807578,2.0228540854174284,2618.54,2618.54,0.0,0,0.0
0.0,0.0,0.82,2,44,16.71391010284424,130927,0.015184712210420588,0.014441656786587487,0.02569610105091158,0.029220784289246283,0.03499318735152021,0.03989117280342214,2.023367867070815,2618.54,2618.54,0.0,0,0.0
0.0,0.0,0.82,5,47,16.69345188140869,131011,0.01519816516176584,0.014459159566222013,0.025729324561309497,0.029239600897513894,0.03538835500028126,0.04122180000658204,2.022219947404164,2620.22,2620.22,0.0,0,0.0
0.0,0.0,0.82,3,45,16.969842672348022,131472,0.015240849852250854,0.01453415428289695,0.025739373418174692,0.02921943590149821,0.0351747222306336,0.047794570456289875,2.0103980825277294,2629.44,2629.44,0.0,0,0.0
0.0,0.0,0.82,4,46,17.021031856536865,131649,0.015350090819599252,0.01467656100194148,0.02603972563499752,0.029381155515466162,0.035907492157169756,0.040620479789019726,2.0019100872186266,2632.98,2632.98,0.0,0,0.0
0.0,0.0,0.82,7,49,16.753270864486694,131746,0.015287181714048474,0.014611276195978462,0.025825634177885526,0.02926510653939225,0.035077783572312185,0.049913158964852045,2.0029124182490667,2634.92,2634.92,0.0,0,0.0
0.0,0.0,0.82,6,48,16.871893405914307,130529,0.015122961893911031,0.014354346574300791,0.025554373424192534,0.02914688364731532,0.03539084108679114,0.04433068509975513,2.0305266768114856,2610.58,2610.58,0.0,0,0.0
0.0,0.0,0.82,8,50,16.747694969177246,131379,0.015253146459507106,0.014549558259371764,0.025834706760731758,0.029278113174661478,0.035550516019964014,0.044566468624324784,2.012302549172079,2627.58,2627.58,0.0,0,0.0
0.0,0.0,0.82,9,51,16.71919560432434,130586,0.015104096871062523,0.01433012593634686,0.025524810566196265,0.02909034844485347,0.03496839572448492,0.03979912888226522,2.030013453759597,2611.72,2611.72,0.0,0,0.0
0.0,0.0,0.84,1,43,16.950902223587036,134102,0.01577256279167784,0.015239528041531614,0.02677468279987564,0.029840455238304066,0.03668876858980355,0.04700262408886147,1.9580957597230826,2682.04,2682.04,0.0,0,0.0
0.0,0.0,0.84,0,42,17.04401206970215,135029,0.01588863722655683,0.01537378958447988,0.02687270624783906,0.029939328944003876,0.03758875106629354,0.046545445682596664,1.9474267407840793,2700.58,2700.58,0.0,0,0.0
0.0,0.0,0.84,2,44,16.961032390594482,134141,0.015709172034245624,0.015170568450216138,0.026544538201791923,0.029677099990184176,0.03622845399623668,0.04245150914258744,1.9562286072254176,2682.82,2682.82,0.0,0,0.0
0.0,0.0,0.84,5,47,16.897775173187256,134348,0.01573397405600408,0.015224376324603384,0.0265950101549893,0.02970737270715677,0.03633540830833071,0.04363489497339401,1.9513030993031952,2686.96,2686.96,0.0,0,0.0
0.0,0.0,0.84,6,48,16.930152654647827,133759,0.015615929656629765,0.015066830397408637,0.026387463570036813,0.029636034203167443,0.036541247992860675,0.047872513293562236,1.966972045312502,2675.18,2675.18,0.0,0,0.0
0.0,0.0,0.84,3,45,17.231481790542603,134706,0.01580217058919516,0.015319318608897348,0.026628962867930817,0.02969829327699078,0.03616423397454299,0.044945342634562735,1.9386171170656528,2694.12,2694.12,0.0,0,0.0
0.0,0.0,0.84,4,46,17.41367793083191,134791,0.015902307796273163,0.015376008761830207,0.026967690030627267,0.02990163688828123,0.03724922434483981,0.04685796218468852,1.9446943190166364,2695.82,2695.82,0.0,0,0.0
0.0,0.0,0.84,7,49,17.36076259613037,134893,0.01580649854708772,0.015324256964056815,0.026671511487789696,0.02974530985250154,0.0364339672465393,0.047673140319098195,1.9410604978935968,2697.86,2697.86,0.0,0,0.0
0.0,0.0,0.84,9,51,17.126232385635376,133844,0.01564631586021833,0.015076045425360007,0.0264803345458489,0.029572254195283004,0.03632992669579952,0.03987619465630843,1.961539207459428,2676.88,2676.88,0.0,0,0.0
0.0,0.0,0.84,8,50,17.290590524673462,134627,0.015840939240044316,0.015337516538039608,0.02681330798797372,0.0298280753140309,0.03708999098460217,0.04589952529440211,1.9447786895650467,2692.54,2692.54,0.0,0,0.0
0.0,0.0,0.85,1,43,17.258809566497803,135596,0.016036953511219018,0.015563819769081277,0.027143134543889502,0.03034299672642959,0.037494248576786786,0.04581526758920518,1.9495854601650093,2711.92,2711.92,0.0,0,0.0
0.0,0.0,0.85,0,42,17.662614822387695,136706,0.016236266265207428,0.015787286446688142,0.027369660602877488,0.03112005239747334,0.038173498495008076,0.04901874775011805,1.9712097137505038,2734.12,2734.12,0.0,0,0.0
0.0,0.0,0.85,4,46,17.145126819610596,136344,0.01623211293377859,0.0157798477242288,0.027396564418570076,0.031017853973703845,0.03781859408996715,0.04644498404399755,1.965662439573368,2726.88,2726.88,0.0,0,0.0
0.0,0.0,0.85,2,44,17.693685054779053,135808,0.016021058071383446,0.015564158304897546,0.027000429429106805,0.029930289676574958,0.03688129277548944,0.04389252149342582,1.9230265517896235,2716.16,2716.16,0.0,0,0.0
0.0,0.0,0.85,6,48,17.582910299301147,135300,0.015924544415141437,0.015454760355122943,0.026891597082164858,0.02992217397818074,0.03694161886330036,0.04705457505973598,1.9361137468729588,2706.0,2706.0,0.0,0,0.0
0.0,0.0,0.85,3,45,17.949744701385498,136328,0.0161125178189869,0.01570105601607885,0.027057225796902527,0.02990044454016879,0.036974318035370254,0.04876438426759577,1.9043588220785206,2726.56,2726.56,0.0,0,0.0
0.0,0.0,0.85,8,50,17.400444269180298,136253,0.01615530205654089,0.015736199186122235,0.02721034711878758,0.03033837893798791,0.03754858181769016,0.047443336799354086,1.927935620231812,2725.06,2725.06,0.0,0,0.0
0.0,0.0,0.85,5,47,17.952593564987183,135885,0.016011305716443103,0.015575470918875567,0.02696499963624603,0.029963874162363312,0.037167905646661094,0.046156108297765286,1.9237860812317886,2717.7,2717.7,0.0,0,0.0
0.0,0.0,0.85,7,49,17.822362899780273,136510,0.016135544038569403,0.015733146660199537,0.02713237781952493,0.029953425606551096,0.03679969614907244,0.04781816219767876,1.9038420128838491,2730.2,2730.2,0.0,0,0.0
0.0,0.0,0.85,9,51,17.43309783935547,135515,0.0159439293975614,0.015469590927171595,0.0269123262012453,0.02981624767567595,0.03677367906068068,0.04135913769114552,1.927410221514335,2710.3,2710.3,0.0,0,0.0
0.0,0.0,0.86,2,44,17.515353679656982,137526,0.01641497717809747,0.01602955685402918,0.02753404807754789,0.03123368079072364,0.03794467882573546,0.04531238392799963,1.9485055685037704,2750.52,2750.52,0.0,0,0.0
0.0,0.0,0.86,1,43,17.848838806152344,137236,0.0163986479225214,0.015992615673214416,0.027606501492111413,0.03166313618259613,0.03817231574164303,0.049104493056844944,1.9798597571270238,2744.72,2744.72,0.0,0,0.0
0.0,0.0,0.86,0,42,18.223270416259766,138300,0.016560730648666942,0.016154857084261565,0.027803358630087687,0.03219466022462429,0.038484822797561095,0.048111973070220415,1.9928780586978434,2766.0,2766.0,0.0,0,0.0
0.0,0.0,0.86,3,45,17.98335361480713,137956,0.016463922488869902,0.016100977179230647,0.027550262461874198,0.03120780091253278,0.03771223344492792,0.04741306852460525,1.9382550863303554,2759.12,2759.12,0.0,0,0.0
0.0,0.0,0.86,4,46,17.957950353622437,137911,0.01657809970036943,0.01617510141241496,0.027845383004212465,0.03229634525633499,0.03830269123927,0.04730027492720623,1.9966703412163096,2758.22,2758.22,0.0,0,0.0
0.0,0.0,0.86,5,47,17.941768169403076,137423,0.016334016971263826,0.015940695177661723,0.027415244222865807,0.031037775707671925,0.03769683166786593,0.04974024834506707,1.9470779261350089,2748.46,2748.46,0.0,0,0.0
0.0,0.0,0.86,6,48,17.33299732208252,136858,0.016217931161630002,0.01579735138511751,0.02727011299032895,0.03067468939043373,0.037665028519836774,0.0489688917996034,1.9417615423387986,2737.16,2737.16,0.0,0,0.0
0.0,0.0,0.86,7,49,17.59885334968567,138069,0.016461989484504957,0.016103766982617174,0.027555984721514194,0.030827839799699757,0.03753416188851401,0.049662421325791684,1.9143247560012593,2761.38,2761.38,0.0,0,0.0
0.0,0.0,0.86,8,50,17.78548312187195,137844,0.01650024308749721,0.016116569661763336,0.027650827779372732,0.031725524684785684,0.03814445162376199,0.049553041877786086,1.9685035556949004,2756.88,2756.88,0.0,0,0.0
0.0,0.0,0.86,9,51,17.687049865722656,137245,0.016291187054507283,0.01587787467386903,0.027373119445806532,0.03042357577343635,0.03747707553069294,0.0440270088224608,1.9160987473660986,2744.9,2744.9,0.0,0,0.0
0.0,0.0,0.87,1,43,17.56612753868103,138840,0.016770526885846397,0.016404519231542736,0.0280524131207347,0.032842793030474944,0.03885752289187855,0.0494858112722838,2.002057638319846,2776.8,2776.8,0.0,0,0.0
0.0,0.0,0.87,0,42,18.060084342956543,139840,0.016915936761747644,0.016533021078416255,0.028175162011555697,0.03323068527406898,0.03880299920330756,0.04831139887030744,2.0099584411376217,2796.8,2796.8,0.0,0,0.0
0.0,0.0,0.87,2,44,17.810458660125732,139080,0.01675362466633439,0.016401233645672697,0.027909059469475837,0.03225952175607133,0.038324470447395675,0.04777952816994713,1.9668960550770938,2781.6,2781.6,0.0,0,0.0
0.0,0.0,0.87,5,47,17.70076584815979,139058,0.016718564796273618,0.016385483809260748,0.027881828778565952,0.0322672772538566,0.03841947404269838,0.04949298843224881,1.969259963847987,2781.16,2781.16,0.0,0,0.0
0.0,0.0,0.87,6,48,17.72698426246643,138411,0.016561420738412182,0.016172387235830143,0.02779717611463539,0.03225932250178544,0.038497532285191795,0.04788745777681669,1.9947161808192715,2768.22,2768.22,0.0,0,0.0
0.0,0.0,0.87,3,45,18.037116527557373,139500,0.01679794592101931,0.016470435360884217,0.0279464608457463,0.032238544300919054,0.038042313311586515,0.04531152213203882,1.9573583572346034,2790.0,2790.0,0.0,0,0.0
0.0,0.0,0.87,8,50,17.658010482788086,139397,0.01685991386272892,0.016491284026859176,0.02810614289358284,0.03282907018480218,0.038629382846059886,0.04853005892254458,1.9906921820844168,2787.94,2787.94,0.0,0,0.0
0.0,0.0,0.87,4,46,18.434285163879395,139471,0.01693006669275578,0.016555536429940787,0.02827014774010639,0.03350647263171858,0.03885922057140772,0.04863028504040301,2.0238832352856853,2789.42,2789.42,0.0,0,0.0
0.0,0.0,0.87,7,49,18.196781396865845,139590,0.01679447542461745,0.016487425487974328,0.027916447682218765,0.03182904198150176,0.03793111860483832,0.04858282225858801,1.9305040683712182,2791.8,2791.8,0.0,0,0.0
0.0,0.0,0.87,9,51,17.939037799835205,138863,0.016654397727531293,0.016284446721162027,0.02785575956536998,0.03216838850788081,0.03830360492271989,0.04670722492350521,1.9754056774969961,2777.26,2777.26,0.0,0,0.0
0.0,0.0,0.88,0,42,18.263734579086304,141350,0.017332520188411388,0.016953367407303688,0.028641104455997275,0.03433177191939131,0.03942332386942825,0.05246129044051173,2.025070954611697,2827.0,2826.98,7.074637424831977e-06,0,0.0
0.0,0.0,0.88,1,43,17.989917039871216,140416,0.017141310882833646,0.016795683951841056,0.028438227680769756,0.033575287945437016,0.038984269528010075,0.04930734456991814,1.999042613668416,2808.32,2808.32,0.0,0,0.0
0.0,0.0,0.88,2,44,18.097265481948853,140708,0.01716920672422526,0.01683159614020724,0.02837545901791234,0.033520173634211045,0.0386883200393797,0.048182207793246334,1.9915029659093477,2814.16,2814.16,0.0,0,0.0
0.0,0.0,0.88,3,45,18.130380868911743,141031,0.017203033481320802,0.01689450362388989,0.028380743358390248,0.033210124494538105,0.038575704423649,0.046405470280602046,1.965735438807264,2820.62,2820.62,0.0,0,0.0
0.0,0.0,0.88,4,46,18.336615562438965,141032,0.0173512188992021,0.01696140211671171,0.02870463654775879,0.034543909727886526,0.03935579923578476,0.04896858689223116,2.036618758884983,2820.64,2820.64,0.0,0,0.0
0.0,0.0,0.88,5,47,18.334760189056396,140641,0.017105917052414165,0.01677563039118013,0.02834455533219682,0.03329377829064912,0.03877635393869637,0.04768291627953758,1.984651396954566,2812.82,2812.82,0.0,0,0.0
0.0,0.0,0.88,6,48,17.639652967453003,140005,0.0169585306586877,0.016591019142801144,0.0282427260933332,0.0334807008127032,0.03897494717782297,0.04850942123846025,2.018001457567512,2800.1,2800.1,0.0,0,0.0
0.0,0.0,0.88,7,49,17.836277961730957,141142,0.01722296958527296,0.016914836715387516,0.02837087743064605,0.03317777796966216,0.03848680411700185,0.049167108369296386,1.9614601386887858,2822.84,2822.84,0.0,0,0.0
0.0,0.0,0.88,9,51,17.775336265563965,140447,0.01702065127518146,0.01667692119863773,0.028258267717689002,0.0330137849107152,0.03860113244424081,0.04813436098652346,1.9796090967565385,2808.94,2808.94,0.0,0,0.0
0.0,0.0,0.88,8,50,18.13307237625122,140978,0.01728139642625617,0.01693106330183003,0.028584385848184367,0.033985753240311375,0.03906768788535996,0.04956539227282519,2.007301764481499,2819.56,2819.56,0.0,0,0.0
0.0,0.0,0.89,0,42,18.106775283813477,142861,0.017773937165349564,0.017365730931643952,0.029079906798969546,0.035386105349628494,0.039902125142295616,0.053566132588713344,2.037697433463494,2857.22,2857.14,2.799924402041145e-05,0,0.0
0.0,0.0,0.89,1,43,18.12005043029785,141997,0.01759505099181698,0.01721818954077392,0.028949404709050334,0.03490269561085342,0.039780635719946264,0.049395091515741285,2.0270827852255495,2839.94,2839.94,0.0,0,0.0
0.0,0.0,0.89,2,44,17.844110012054443,142275,0.017600786755128307,0.01725194605361935,0.028793227249886397,0.03442008693897749,0.03911454260822712,0.04837225250050636,1.9951422773986922,2845.5,2845.5,0.0,0,0.0
0.0,0.0,0.89,4,46,17.94476008415222,142591,0.017830897823657512,0.017412896440369252,0.029239694753771417,0.03564497509414225,0.039834759778801763,0.05084713406621688,2.0470445693058044,2851.82,2851.8,7.01306534072978e-06,0,0.0
0.0,0.0,0.89,3,45,18.298195600509644,142633,0.017660857847761002,0.017312648998739633,0.02889751722333926,0.03455087881983295,0.039042586896498234,0.04896218180071621,1.9957014563368245,2852.66,2852.66,0.0,0,0.0
0.0,0.0,0.89,5,47,17.959383964538574,142284,0.017560231805117555,0.01718323954478329,0.028861152618625322,0.034632186837275904,0.03954071959515153,0.04897504749408199,2.015463192898919,2845.68,2845.68,0.0,0,0.0
0.0,0.0,0.89,7,49,18.13809323310852,142754,0.017687654451705285,0.0173501053216647,0.028859238293324554,0.03428432569121853,0.03905046151701646,0.05728916853206201,1.9760298312661213,2855.08,2855.06,7.005057651624473e-06,0,0.0
0.0,0.0,0.89,6,48,18.406432151794434,141591,0.017370786068725844,0.017002893870236235,0.02870999142552577,0.03442800821358603,0.039550847547742046,0.04924684308978655,2.0248322712789886,2831.82,2831.82,0.0,0,0.0
0.0,0.0,0.89,8,50,18.557469367980957,142589,0.01775993276940576,0.01736777798941347,0.029068340697718752,0.03510034004525536,0.0394973722042038,0.049868429621461985,2.021003496627535,2851.78,2851.78,0.0,0,0.0
0.0,0.0,0.89,9,51,18.41416072845459,142093,0.017472665155121407,0.01712264853539125,0.028683110993040373,0.03408469828326218,0.03922965336632148,0.0497283569305651,1.9906206807207207,2841.86,2841.86,0.0,0,0.0
0.0,0.0,0.9,2,44,18.240700483322144,143768,0.018072771402735388,0.01767023259556133,0.029281285938984068,0.03553849002523006,0.03981460029590623,0.04969308948169271,2.0112066908591313,2875.36,2875.36,0.0,0,0.0
0.0,0.0,0.9,1,43,18.36116600036621,143643,0.018070870415974282,0.017634273572543435,0.029398803430123622,0.03597786029955091,0.04061966626271638,0.050735146054492475,2.040223553952823,2872.86,2872.84,6.961703668121663e-06,0,0.0
0.0,0.0,0.9,0,42,18.653475046157837,144477,0.018269882510972203,0.017810999457434917,0.029562855690347327,0.03628341476773919,0.041943878037493026,0.055415397782201836,2.037135246365597,2889.54,2889.48,2.076455075894433e-05,0,0.0
0.0,0.0,0.9,3,45,18.421180963516235,144220,0.018209744083081236,0.017800183168354522,0.02945018190192367,0.03565779251435875,0.0394966976526456,0.04961198204684081,2.003226156557299,2884.4,2884.4,0.0,0,0.0
0.5,0.25,0.7,0,42,14.94785737991333,112536,0.01397883958110832,0.012455442090331559,0.028724343902361227,0.03751573485382093,0.049020975868798694,0.06916327825695134,3.0119954459859946,2250.72,2248.94,0.0007908580365394185,0,0.0
0.5,0.25,0.7,1,43,14.958760499954224,111913,0.01394292512722872,0.012462414291249502,0.028659017878111103,0.03752598038331612,0.048940314222314096,0.06675685490274219,3.011132474521011,2238.26,2236.56,0.0007595185545915131,0,0.0
0.5,0.25,0.7,2,44,14.892123222351074,111556,0.013936644638707722,0.012460822375789604,0.028624552889555233,0.03755870270194826,0.04869741834465504,0.07410442149490137,3.014143173641722,2231.12,2229.42,0.0007619491555810535,0,0.0
0.5,0.25,0.7,4,46,15.005231142044067,112547,0.014033998239627045,0.01254370083698575,0.02889084622240574,0.03767544568413799,0.04897421928047177,0.07120589585189485,3.0035350949258928,2250.94,2249.06,0.0008352066247878664,0,0.0
0.5,0.25,0.7,3,45,15.347116947174072,112384,0.013935047089191698,0.012472548485857438,0.028586841677564926,0.03720052919122437,0.049290335063303346,0.07343608383949629,2.9825924696469106,2247.68,2245.86,0.0008097238041002277,0,0.0
0.5,0.25,0.7,5,47,15.009119033813477,111765,0.013953945742745276,0.012443466090042321,0.028634193577698138,0.0377147062196552,0.048973913197884945,0.0728361323463389,3.030884316857324,2235.3,2233.42,0.0008410504182883729,0,0.0
0.5,0.25,0.7,6,48,14.833133459091187,111405,0.013912558694562307,0.012434432809541818,0.028636127698135276,0.03777109852816862,0.048739812208071005,0.07285235582858007,3.037621346040343,2228.1,2226.38,0.0007719581706386608,0,0.0
0.0,0.0,0.9,4,46,18.72719955444336,144229,0.018434759463018018,0.01791975780101751,0.02984964928065921,0.03688279563752445,0.04242290004440388,0.05208007487197008,2.058219538850586,2884.58,2884.56,6.9334183832655015e-06,0,0.0
0.0,0.0,0.9,5,47,18.75565195083618,143958,0.01811201369685511,0.017683640273450152,0.02944987292961443,0.03600353739357841,0.040648247395856846,0.05616571041613838,2.035979970008402,2879.16,2879.14,6.946470498339794e-06,0,0.0
0.0,0.0,0.9,6,48,18.41162633895874,143259,0.017897490725231075,0.01748637196720182,0.029226756950244594,0.035811391865370246,0.040250634655673155,0.052503381559461104,2.0479600875778927,2865.18,2865.16,6.980364235405803e-06,0,0.0
0.5,0.25,0.7,7,49,15.31848430633545,112447,0.014010384102396163,0.012508611142806103,0.02884368675423303,0.03788456183267023,0.04869749448068118,0.07069289600094208,3.028678515956444,2248.94,2247.28,0.0007381255169101888,0,0.0
0.5,0.25,0.7,8,50,15.163140296936035,112173,0.014010494254057709,0.01252000517675711,0.028779056352982477,0.03765472097524934,0.047701371069113735,0.06563770033677407,3.007564329538284,2243.46,2242.12,0.000597291683381919,0,0.0
0.5,0.25,0.7,9,51,15.191063404083252,111496,0.013870099027812395,0.012406547549876024,0.02854841027635846,0.03722896234169222,0.04839061827942068,0.07229659629631158,3.0007511914194245,2229.92,2228.34,0.0007085455980483605,0,0.0
0.0,0.0,0.9,7,49,18.550141096115112,144411,0.01818268963205652,0.01780040753489942,0.029330830764413562,0.035351213943054176,0.039503056883725865,0.054490816754540816,1.9859777858312908,2888.22,2888.16,2.0774040758667967e-05,0,0.0
0.0,0.0,0.9,8,50,18.72068476676941,144224,0.018277047660097006,0.01784108730477385,0.029569277434197263,0.036139577815839825,0.03995090187227896,0.04997563603350841,2.025637630626343,2884.48,2884.48,0.0,0,0.0
0.0,0.0,0.9,9,51,18.631657123565674,143670,0.017932127206716445,0.017551909868622317,0.029135835020742462,0.0351996282446132,0.03950679621555575,0.049256134316028266,2.005458580182197,2873.4,2873.4,0.0,0,0.0
0.5,0.25,0.75,0,42,16.311548709869385,120518,0.014843795074689846,0.013311911492014161,0.030367591625398302,0.03953806959791209,0.051066415227575344,0.07380658446946597,2.970127139264038,2410.36,2407.36,0.0012446273585688444,0,0.0
0.5,0.25,0.75,1,43,16.226478338241577,119721,0.01474301917721775,0.01327139324591542,0.030155034196985397,0.0390444943977677,0.05026379808319227,0.06779329484819385,2.942004179537409,2394.42,2391.78,0.0011025634600446037,0,0.0
0.5,0.25,0.75,2,44,15.934907674789429,119566,0.014779234218354828,0.013246460641523683,0.030291065746848034,0.03917851393932123,0.050419622587311405,0.0653008277988647,2.957659030557063,2391.32,2388.74,0.001078902029004901,0,0.0
0.5,0.25,0.75,4,46,16.325485944747925,120549,0.014927661207211066,0.01339236726003179,0.030587943854234818,0.039709600844487276,0.05174480685677766,0.07485226425907854,2.9650919866121574,2410.98,2407.44,0.0014682826070726426,0,0.0
0.5,0.25,0.75,5,47,16.34334683418274,119820,0.014847672785567147,0.013325307841622447,0.03045452124748811,0.039664009007416,0.05073378645492599,0.07941993140602222,2.976592321831616,2396.4,2393.62,0.0011600734434985811,0,0.0
0.5,0.25,0.75,3,45,16.68170142173767,120336,0.014844707057309276,0.013294031725749278,0.03037017319438773,0.039555939702514205,0.05105455588887752,0.07833392513705206,2.9754660225383773,2406.72,2403.62,0.0012880600983911715,0,0.0
0.5,0.25,0.75,7,49,15.928317785263062,120505,0.014988098093358023,0.013442527330523646,0.03072190654167421,0.03983485366848242,0.050755016245570744,0.07150628725396757,2.9633455591368083,2410.1,2407.24,0.0011866727521679598,0,0.0
0.5,0.25,0.75,6,48,16.33721375465393,119342,0.014683673623148905,0.013163386466462867,0.030114572130716152,0.03918798658975325,0.05144812339458005,0.07102727582332058,2.9770444474599893,2386.84,2383.68,0.0013239261953042517,0,0.0
0.5,0.25,0.75,8,50,16.12618923187256,120067,0.014883359312435883,0.01333098901784524,0.03054027217845139,0.03963460878804551,0.051689147836641115,0.07245608864310071,2.973118403667537,2401.34,2397.96,0.001407547452672258,0,0.0
0.5,0.25,0.75,9,51,16.747828245162964,119469,0.014780011293158491,0.013263048100412789,0.030226086730513656,0.03955680373637235,0.050535830763182125,0.06665874267488903,2.982482113982623,2389.38,2386.64,0.0011467409955720732,0,0.0
0.5,0.25,0.78,0,42,17.201075792312622,125413,0.015543794626723137,0.013995075300435644,0.031668254467817285,0.041303325466481064,0.052751112341770205,0.07093352536120534,2.951275686612087,2508.26,2503.66,0.0018339406600591645,0,0.0
0.5,0.25,0.78,1,43,16.771632194519043,124589,0.015493212668243838,0.013948254104523272,0.031628947480987074,0.04048667897002473,0.05174073502687581,0.07354237897240701,2.9026341695979947,2491.78,2488.14,0.0014608031206607326,0,0.0
0.5,0.25,0.78,2,44,16.91568160057068,124409,0.015440827062952148,0.013886776268268619,0.03156762290455218,0.04076603871555732,0.05198324912831309,0.07611960070574852,2.935601317975289,2488.18,2484.32,0.0015513347105112975,0,0.0
0.5,0.25,0.78,3,45,17.0377676486969,125056,0.015517735958075365,0.01398713277414032,0.031567208909534905,0.04088042273424967,0.052105888936540695,0.08421158105443993,2.922716427617687,2501.12,2497.04,0.0016312691914022518,0,0.0
0.5,0.25,0.78,4,46,16.948142051696777,125371,0.01569834046868896,0.014159392433732876,0.0320553566329167,0.041277769849362066,0.053168913528904224,0.07354439551489023,2.915221824844917,2507.42,2502.66,0.0018983656507485782,0,0.0
0.5,0.25,0.78,6,48,16.703620672225952,124154,0.015367097925670271,0.013813859849097554,0.03141159958681445,0.04064137291167129,0.05289098244546128,0.07129782075221414,2.942072190947149,2483.08,2478.72,0.0017558838217053014,0,0.0
0.5,0.25,0.78,5,47,17.014530897140503,124544,0.015574192477882972,0.013998386856938438,0.03190726868943674,0.041341519341068854,0.053346979083848,0.0721332139112576,2.9533059604348284,2490.88,2486.34,0.0018226490236382322,0,0.0
0.5,0.25,0.78,7,49,16.822059392929077,125254,0.015652154906696095,0.014120744812666786,0.031821630898008546,0.041086337841540053,0.05313413849447378,0.0842999714045618,2.909643817419901,2505.08,2500.52,0.0018203011480671276,0,0.0
0.5,0.25,0.78,8,50,17.01897144317627,124997,0.015590770975003998,0.014066341089908008,0.0317902443863403,0.041006198190395755,0.05338440151803652,0.07396150528607137,2.9152000458609617,2499.94,2495.4,0.0018160435850460412,0,0.0
0.5,0.25,0.78,9,51,16.962589263916016,124265,0.015450025982121102,0.013871193797196923,0.031690416839535364,0.04111082563219782,0.05247595879650536,0.07924154251968929,2.9637554080244666,2485.3,2481.08,0.0016979841467830846,0,0.0
0.5,0.25,0.8,0,42,17.263195514678955,128671,0.016069063935249362,0.014509880301048383,0.03259765791874347,0.04212151693086848,0.05412422125862781,0.08247375640832644,2.902954128975486,2573.42,2567.04,0.0024791911153251313,0,0.0
0.5,0.25,0.8,1,43,17.402804374694824,127812,0.015953122632450002,0.014389336087104354,0.032480857687346716,0.041785560586391275,0.05305890504411051,0.07133575824800431,2.9039255413485874,2556.24,2551.44,0.0018777579569993427,0,0.0
0.5,0.25,0.8,3,45,17.13784122467041,128284,0.016050187847169446,0.014510103049575562,0.032642304635692634,0.04199123217951079,0.05357702103037601,0.07918660028926894,2.893930665829357,2565.68,2560.52,0.0020111627326868512,0,0.0
0.5,0.25,0.8,2,44,17.4509699344635,127730,0.01599764064466045,0.014425971649281166,0.032677232889024285,0.041909102262042856,0.05380502032059217,0.0777945582842321,2.9051146973612103,2554.6,2549.22,0.002106004853988883,0,0.0
0.5,0.25,0.8,4,46,17.63645052909851,128532,0.01612488129285017,0.014509859676236303,0.03291680427634835,0.042489862101176425,0.05415177494550315,0.07111750059338107,2.928344108714208,2570.64,2564.46,0.002404070581645038,0,0.0
0.5,0.25,0.8,5,47,17.330185413360596,127820,0.016084365693263606,0.014515373594694125,0.03279661573676759,0.04223451833416081,0.053926690737492025,0.07411610063434182,2.909640462137261,2556.4,2550.22,0.0024174620560162728,0,0.0
0.5,0.25,0.8,6,48,17.330800533294678,127272,0.015898875779662286,0.014305475300758985,0.03247464568852649,0.04211744895714007,0.05404113764643273,0.08119289091816029,2.944148871090323,2545.44,2540.02,0.0021292978817021814,0,0.0
0.5,0.25,0.8,7,49,17.814179182052612,128529,0.016182636079626205,0.014606532106084202,0.03286719091749077,0.04241961525227921,0.05341004303406805,0.07254358230751023,2.9041537679302913,2570.58,2565.32,0.002046230811723424,0,0.0
0.5,0.25,0.8,9,51,17.222203016281128,127379,0.015993041303806105,0.014440724657976745,0.032634951706345894,0.04207629978677804,0.053732165696016056,0.07257991113939966,2.913724953791429,2547.58,2541.94,0.0022138657078482325,0,0.0
0.5,0.25,0.8,8,50,17.83392882347107,128224,0.016095384848032752,0.014499211832762704,0.03283228621158009,0.0424071427454606,0.05363901008511757,0.07146042692161103,2.924789515084991,2564.48,2558.84,0.002199276266533566,0,0.0
0.5,0.25,0.82,1,43,17.84685754776001,130920,0.016547715015700168,0.014989846728365563,0.03350025549561158,0.043159977483097446,0.05483049903034325,0.07697631695243246,2.879280773526858,2618.4,2611.18,0.0027574091047968224,0,0.0
0.5,0.25,0.82,3,45,17.726349353790283,131466,0.016687742649987153,0.015127307581450644,0.03381093779151989,0.043115099778864886,0.05520848053554643,0.08967409604306908,2.8501502694196117,2629.32,2621.96,0.002799202835714177,0,0.0
0.5,0.25,0.82,0,42,18.645894527435303,131915,0.016758482214111206,0.015216710270273381,0.03388137988930957,0.04353957582295536,0.05578871500230228,0.07474594763029785,2.861300179186045,2638.3,2630.44,0.002979191145813592,0,0.0
0.5,0.25,0.82,2,44,18.013223886489868,130923,0.016521652557206546,0.014946852795496568,0.03338544072713177,0.04289535944305605,0.054896773460816825,0.07858579457959891,2.8698589616123247,2618.46,2611.84,0.0025282036005896597,0,0.0
0.5,0.25,0.82,4,46,18.197304248809814,131645,0.01679864284918236,0.01522402228996711,0.03408236680744493,0.04378093821147871,0.05595335281181642,0.08255295216911662,2.875779959960456,2632.9,2623.9,0.0034182840214212465,0,0.0
0.5,0.25,0.82,5,47,18.092893362045288,131006,0.016689620550919833,0.015128363168093628,0.033800662375861545,0.043656415260627315,0.055282406437155686,0.0842188554352532,2.8857328962528204,2620.12,2612.04,0.0030838282216081704,0,0.0
0.5,0.25,0.82,6,48,18.10664176940918,130530,0.01645679051061775,0.014832307523777288,0.03364739597406547,0.043160091027666575,0.05583495069326877,0.09172332159578644,2.9098702921630872,2610.6,2602.92,0.0029418524477131695,0,0.0
0.5,0.25,0.82,7,49,18.146472454071045,131739,0.016762167002629797,0.015202520571332201,0.03398148992402916,0.04350094432533096,0.05527333342909163,0.08102836438710881,2.861429729446435,2634.78,2627.18,0.0028844913047768694,0,0.0
0.5,0.25,0.82,8,50,18.14110517501831,131369,0.01669797552968491,0.015103423216528356,0.03393046447482105,0.043707650000075024,0.0552139271596554,0.07524497116864381,2.893890303771914,2627.38,2619.46,0.0030144097922645374,0,0.0
0.5,0.25,0.82,9,51,17.822367906570435,130586,0.01655403828263503,0.014943113307587907,0.03360708313487759,0.043347332608491426,0.05522450829113029,0.07997645935794395,2.90082339042964,2611.72,2604.34,0.002825724043925076,0,0.0
0.5,0.25,0.84,0,42,18.474161624908447,135023,0.017460601610899375,0.015885376990379285,0.03521254749156277,0.04519471861528706,0.056343298041233295,0.07764625968215455,2.845051687640683,2700.46,2689.12,0.004199284566333143,0,0.0
0.5,0.25,0.84,1,43,18.173851013183594,134105,0.017243973928512447,0.015693445485169377,0.034650327242649576,0.04452370087034037,0.05562747215495888,0.06924275103837374,2.8370889561770336,2682.1,2672.6,0.0035420006711159168,0,0.0
0.5,0.25,0.84,2,44,18.084973335266113,134134,0.017249682866972905,0.015661026852313853,0.0348942167169813,0.04471594144047085,0.05655816754913278,0.08233310550470208,2.855236879557757,2682.68,2672.08,0.003951272607989026,0,0.0
0.5,0.25,0.84,3,45,18.166030645370483,134691,0.01744622129975493,0.015859558546225117,0.03526777146051607,0.04515727600901869,0.05754199727896006,0.07556636871337474,2.8473223814774467,2693.82,2682.8,0.004090844971081958,0,0.0
0.5,0.25,0.84,5,47,18.158247232437134,134342,0.01734698028017738,0.01576723535457436,0.035003276961354496,0.04478849557342795,0.057637979886885606,0.09045527475935344,2.840605506686624,2686.84,2676.14,0.003982373345640232,0,0.0
0.5,0.25,0.84,4,46,18.455762147903442,134785,0.017420715542441966,0.015822803279078812,0.035185411955897875,0.045280315662832325,0.057716901365001946,0.07762901610315254,2.861712609591927,2695.7,2683.6,0.004488630040434766,0,0.0
0.5,0.25,0.84,6,48,17.930589199066162,133755,0.017083108573437096,0.015497791203443967,0.034551047318907985,0.044438191833915536,0.0563564862316245,0.07712297619357145,2.8673887298236633,2675.1,2665.32,0.0036559380957721208,0,0.0
0.5,0.25,0.84,7,49,18.221864700317383,134881,0.01744016945265547,0.015843755517650493,0.03512426283668901,0.04501021277200867,0.05777305637151892,0.07745342315031323,2.84088029014748,2697.62,2686.68,0.004055426635330402,0,0.0
0.5,0.25,0.84,8,50,18.506757974624634,134611,0.017446797681518723,0.015864346143693808,0.03517650877562417,0.044936560423335124,0.05680967103745083,0.07414552308890165,2.832550425735493,2692.22,2681.36,0.0040338456738305195,0,0.0
0.5,0.25,0.84,9,51,18.290858507156372,133853,0.017199386294421897,0.015638032044890338,0.03473843757874988,0.04437096332579251,0.05665540891861525,0.0850749222195546,2.8373751376401954,2677.06,2667.4,0.003608436120221437,0,0.0
0.5,0.25,0.85,1,43,18.202850580215454,135591,0.01756259332352348,0.016032724186501923,0.03527850884354322,0.045023526219409866,0.05683933163901172,0.07587146513508003,2.8082268300552147,2711.82,2700.9,0.004026815939111003,0,0.0
0.5,0.25,0.85,2,44,18.083977460861206,135804,0.017650647831861967,0.01605977962383598,0.035575068564643604,0.04522426089691899,0.057271392231165785,0.08424110092645876,2.81599511053047,2716.08,2704.36,0.0043150422667962655,0,0.0
0.5,0.25,0.85,0,42,18.565256357192993,136692,0.01781975431272196,0.016219996555260963,0.03594089034060097,0.045843039894634514,0.05734169303784259,0.0785608285688717,2.826328583884027,2733.84,2721.4,0.0045503760278582505,0,0.0
0.5,0.25,0.85,3,45,18.085083961486816,136311,0.017826106262602677,0.016289351076700598,0.03565118486151597,0.045384998398022645,0.05712652143135598,0.08190334609041372,2.7861759614806805,2726.22,2713.94,0.004504405367138382,0,0.0
0.5,0.25,0.85,5,47,17.922605752944946,135873,0.01770380196440118,0.01613559623298677,0.03561576591001908,0.045351872882100464,0.05745875090713032,0.09198308308264203,2.8106722693881903,2717.46,2705.68,0.004334930412959161,0,0.0
0.5,0.25,0.85,4,46,18.45331311225891,136346,0.017897961910043437,0.016272112853508602,0.03619515318788924,0.04622403120737863,0.05855033254787594,0.08956953379455612,2.840690181017997,2726.92,2712.14,0.005420034324439294,0,0.0
0.5,0.25,0.85,6,48,18.04005479812622,135292,0.017521494522138886,0.01591297957672211,0.03547048684668841,0.04546306703585491,0.05835497812392723,0.0860510814785016,2.856980166200891,2705.84,2693.82,0.004442243443810425,0,0.0
0.5,0.25,0.85,7,49,18.36308240890503,136500,0.017902125182399038,0.016355505432066764,0.03601853602686553,0.04591420228758361,0.05828935407691151,0.07998945385320866,2.807262819133903,2730.0,2716.72,0.004864468864468865,0,0.0
0.5,0.25,0.85,8,50,18.53937029838562,136251,0.017831678860439397,0.01620649713692046,0.035911691232591636,0.04572572851807877,0.05837319936841513,0.07885258970372888,2.821444272119096,2725.02,2712.48,0.004601801087698439,0,0.0
0.5,0.25,0.85,9,51,18.251880168914795,135518,0.017503181480352358,0.01593292438687044,0.03531074625857017,0.04517844734258853,0.057740242329960584,0.08203764150498216,2.83554018368517,2710.36,2698.92,0.0042208415118286866,0,0.0
0.5,0.25,0.86,1,43,18.36394715309143,137223,0.018039461390560698,0.016437456685572727,0.036229098452281144,0.04598163873983964,0.05795882279815896,0.08974177243532466,2.797369423957056,2744.46,2731.18,0.004838838970143489,0,0.0
0.5,0.25,0.86,0,42,18.499680280685425,138300,0.018264628496428705,0.01667781548974201,0.036543229039815786,0.04651884090537572,0.05890251973120694,0.08056268082019002,2.7892646332481594,2766.0,2751.1,0.005386840202458424,0,0.0
0.5,0.25,0.86,2,44,18.297529220581055,137524,0.01814827417662343,0.016544611323201508,0.03659006355120623,0.046590556216970024,0.05941311364043455,0.07994378438309724,2.8160562558295505,2750.48,2735.2,0.005555393967598383,0,0.0
0.5,0.25,0.86,3,45,18.45714569091797,137953,0.01823236035010699,0.01663125155998557,0.03654402955864668,0.04663695385336616,0.05830961836102276,0.08263139129079633,2.804175842398635,2759.06,2743.44,0.005661348430262481,0,0.0
0.5,0.25,0.86,5,47,18.34710431098938,137422,0.018154551106198926,0.016542407923298086,0.03646043139250103,0.04643992234336236,0.0591820645958753,0.0841646872181272,2.807325424369269,2748.44,2734.12,0.005210228347717251,0,0.0
0.5,0.25,0.86,4,46,18.696150541305542,137914,0.018357924312982353,0.01669860233718623,0.03699723680753805,0.047311951314679884,0.0604471176813564,0.08566175930222641,2.833288101562882,2758.28,2740.54,0.006431544295720522,0,0.0
0.5,0.25,0.86,6,48,18.480759143829346,136855,0.017892544703561424,0.016272069777386378,0.0362184826844867,0.04633580916685822,0.05861737067933568,0.07413248165483566,2.8475670151840196,2737.1,2723.1,0.005114902634174857,0,0.0
0.5,0.25,0.86,8,50,18.55254626274109,137844,0.01821509958164259,0.016637217476324295,0.036548487499177,0.04651091374280255,0.05805688198346009,0.08009159270653754,2.7955945042486956,2756.88,2742.3,0.005288587098459128,0,0.0
0.5,0.25,0.86,7,49,19.466737985610962,138062,0.018303055076589768,0.01670736528678418,0.0366692227858902,0.04700837761609109,0.05869239067616426,0.08342714842246579,2.8136320005689672,2761.24,2745.44,0.005722066897480842,0,0.0
0.5,0.25,0.87,1,43,18.606481552124023,138837,0.01849235848488124,0.016946252720757116,0.03699396628875174,0.0469271997098929,0.059069166642636756,0.09407698380801222,2.7691785601906393,2776.74,2760.94,0.005690125831010465,0,0.0
0.5,0.25,0.87,0,42,19.05471658706665,139830,0.018759974740014507,0.01719871337223111,0.03737635561438635,0.04769429074152955,0.059957807767411886,0.07847836319908907,2.773131321470612,2796.6,2777.92,0.006679539440749481,0,0.0
0.5,0.25,0.86,9,51,19.191359996795654,137239,0.018111369295126873,0.016510829503118885,0.03643599110681774,0.046886659201879455,0.05920122865571737,0.07586792583291668,2.8397518848476144,2744.78,2728.96,0.005763667762079292,0,0.0
0.5,0.25,0.87,2,44,18.957046508789062,139076,0.018585750592714955,0.01703932273409059,0.03712835705722917,0.047183343970797154,0.05999256518628179,0.08297465719279273,2.769085644254944,2781.52,2764.36,0.006169288734217263,0,0.0
0.5,0.25,0.87,4,46,18.960327625274658,139465,0.018772566582550453,0.017134116766598595,0.037618257496667674,0.048322420837306174,0.061736730389956536,0.09418539646686241,2.8202457993928434,2789.3,2768.34,0.007514430143763668,0,0.0
0.5,0.25,0.87,3,45,19.53821110725403,139505,0.01878000434554264,0.017234395716805295,0.03751117801616316,0.047668336729297774,0.05965880887560135,0.07999452292004605,2.7658838471961205,2790.1,2771.76,0.006573241102469446,0,0.0
0.5,0.25,0.87,5,47,19.561656713485718,139053,0.018690723417431113,0.017045524527638634,0.037499004467589706,0.047982500239218136,0.06167780924363018,0.09503352180867708,2.8149617901999107,2781.06,2761.02,0.0072058855256628765,0,0.0
0.5,0.25,0.87,6,48,19.006320238113403,138409,0.018378723239726075,0.016774330055945086,0.03698456525508505,0.04731966759489189,0.060009817204690126,0.085113381416555,2.820957226731154,2768.18,2750.84,0.006264043523181296,0,0.0
0.5,0.25,0.87,7,49,19.340093851089478,139590,0.018786948706420614,0.017232236153791547,0.037487690402062034,0.0476486142480219,0.060179446443529364,0.0868192621471735,2.7650859599865654,2791.8,2773.1,0.006698187549251379,0,0.0
0.5,0.25,0.87,8,50,18.990257740020752,139395,0.018778710375729004,0.017178284468727156,0.03761420659896614,0.04799807781390832,0.06143632770886472,0.0813813006744013,2.7941135741050394,2787.9,2767.82,0.007202553893611679,0,0.0
0.5,0.25,0.87,9,51,18.37519907951355,138863,0.01849755872833705,0.016956067241686412,0.036879447791721275,0.047036845423410814,0.05971482358147922,0.07959993187700576,2.774042161602836,2777.26,2760.62,0.005991516818735013,0,0.0
0.5,0.25,0.88,3,45,18.653224229812622,141032,0.019201978743112535,0.017636373788153747,0.03812253328847157,0.04807231438738948,0.06109421044632092,0.09896358078235323,2.725748215865065,2820.64,2800.48,0.0071473140847467245,0,0.0
0.5,0.25,0.88,2,44,19.043166637420654,140704,0.019050011721823995,0.017467086927699604,0.03806983239468886,0.04835969372999898,0.061119286324540105,0.08187717771377834,2.7686181405159984,2814.08,2793.1,0.007455367295883557,0,0.0
0.5,0.25,0.88,1,43,19.912448406219482,140413,0.019047705705134685,0.017470277993062666,0.038028138295235416,0.04838514849900933,0.061356692009883126,0.08936775903166705,2.7695694663944534,2808.26,2787.0,0.0075705240967716666,0,0.0
0.5,0.25,0.88,0,42,20.488726377487183,141357,0.019244900365065164,0.017641115436237698,0.038327733987301826,0.048651321065466685,0.061379802844674834,0.08646695149496608,2.757837011004929,2827.14,2804.34,0.008064687281139243,0,0.0
0.5,0.25,0.88,4,46,19.84810709953308,141026,0.019386481637782466,0.01771567284929887,0.03886721598625442,0.049669191060366824,0.06385370962418087,0.09251218784304172,2.8036864014641463,2820.52,2793.76,0.009487612213350729,0,0.0
0.5,0.25,0.88,5,47,20.162210702896118,140637,0.01915090508287494,0.017584547511761528,0.038058334334023405,0.048472978590063144,0.062082358064052975,0.09660368936469865,2.7565667275567773,2812.74,2791.02,0.007722007722007722,0,0.0
0.5,0.25,0.88,7,49,19.095821142196655,141139,0.019323240915321956,0.017744874177957115,0.038446056667297425,0.048818149992311814,0.06111531663588264,0.07897979182263981,2.7511127722142024,2822.78,2799.72,0.00816925158885921,0,0.0
0.5,0.25,0.88,8,50,18.62753939628601,140979,0.019315077730456605,0.01771688328952692,0.03861131186633529,0.048745505254237924,0.061672473566286856,0.08641710731415486,2.75135894150486,2819.58,2796.46,0.008199802807510339,0,0.0
0.5,0.25,0.88,9,51,18.658618211746216,140447,0.01900172795284411,0.017471161154809067,0.037711609217880235,0.047783799585016065,0.06075799177986909,0.08547641879668078,2.735009949345194,2808.94,2789.9,0.006778357672289191,0,0.0
0.5,0.25,0.88,6,48,19.95241951942444,140002,0.01889269719627565,0.01730964171875371,0.03786747640752138,0.048251277871605776,0.061558252351517885,0.08678855064906799,2.787537642638155,2800.04,2778.94,0.0075356066341909405,0,0.0
0.5,0.25,0.89,0,42,18.95644450187683,142858,0.019862143398336102,0.018308190793639767,0.03941612189681142,0.049983441133020494,0.06255925389638996,0.0887640128706444,2.7301136249019566,2857.16,2828.7,0.009960940234358593,0,0.0
0.5,0.25,0.89,2,44,19.14091205596924,142260,0.019594481437492962,0.01803415846426759,0.03894762274894709,0.04948703279467915,0.06205941663856045,0.08713603109722357,2.7440721945929143,2845.2,2818.84,0.009264726557008295,0,0.0
0.5,0.25,0.89,1,43,19.806373119354248,141987,0.019465464379575102,0.01794225913295122,0.038544209619904984,0.048905558344229445,0.062207292047649916,0.07999769086718089,2.7257190960091346,2839.74,2816.48,0.00819089071534718,0,0.0
0.5,0.25,0.89,3,45,19.332780599594116,142631,0.01979008292804464,0.018191918641171867,0.03921805921926236,0.04971341897414114,0.06288413846361862,0.08646196110069582,2.7327199486056384,2852.62,2825.46,0.009521071856749235,0,0.0
0.5,0.25,0.89,4,46,18.628820180892944,142576,0.02003079395690327,0.01835663574110491,0.04008940822913143,0.05109461875790888,0.06385140203842742,0.09531463545074814,2.783441338518026,2851.52,2818.06,0.011734092694422623,0,0.0
0.5,0.25,0.89,5,47,19.238876342773438,142263,0.019789399417512014,0.018191276867661088,0.03934271228925467,0.049796406601587094,0.06332702620473252,0.09311663333053133,2.7373783030102152,2845.26,2817.6,0.009721431433331224,0,0.0
0.5,0.25,0.89,7,49,19.510582208633423,142746,0.019960562111369352,0.018438250323985272,0.039509811859176125,0.04997499350846199,0.062014083660196666,0.08822816301002945,2.7103978213948188,2854.92,2826.6,0.009919717540246311,0,0.0
0.5,0.25,0.89,6,48,20.189172506332397,141577,0.019416006203339,0.017831338776023387,0.03868188666318236,0.04957618359689069,0.06222462525320658,0.08551476516878331,2.780283870976221,2831.54,2805.22,0.009295295139747275,0,0.0
0.5,0.25,0.89,8,50,18.9327290058136,142578,0.01986391411897839,0.0183131612486509,0.03933959467072085,0.04984105682887464,0.06341915776848728,0.08516101885339111,2.721597661493116,2851.56,2823.72,0.009763077052560704,0,0.0
1.0,1.0,0.7,0,42,14.781192541122437,112521,0.01635275129614603,0.012321741363933825,0.045548030653755234,0.06580414745271883,0.0941554768762159,0.13863960451681834,5.340490885917303,2250.42,2170.3,0.03560224313683668,0,0.0
0.5,0.25,0.89,9,51,19.543822765350342,142080,0.019535647456153247,0.018000695114441356,0.03886712036892738,0.049021097710052024,0.06153681048494048,0.08975958305561704,2.723289150690855,2841.6,2817.8,0.008375563063063063,0,0.0
0.5,0.25,0.9,0,42,19.51564908027649,144469,0.020473890177576223,0.018937246402593644,0.04024505622418495,0.05087705987378119,0.06423811255748055,0.10432614500661685,2.686613396275663,2889.38,2855.78,0.011628792336072098,0,0.0
1.0,1.0,0.7,1,43,15.356096982955933,111909,0.016224812807934627,0.012173155164994398,0.04510031567184924,0.06574593356380402,0.09131722336815794,0.16451575976518384,5.4008950574182775,2238.18,2161.48,0.03426891492194551,0,0.0
1.0,1.0,0.7,2,44,15.264355182647705,111536,0.01626662200055184,0.012187233156943478,0.04544674446906605,0.06612311839792863,0.0946220402912703,0.1412801019182801,5.425605430405347,2230.72,2152.02,0.035280088939893844,0,0.0
0.5,0.25,0.9,1,43,19.651971340179443,143613,0.020163952779099825,0.018615354128463935,0.03983562525370843,0.05033172102019394,0.06275219023156017,0.09029024193986146,2.7037745654934318,2872.26,2841.54,0.010695410582607425,0,0.0
1.0,1.0,0.7,3,45,15.754010200500488,112379,0.016437073983275464,0.01232174004237585,0.045811105272742424,0.06700139978259594,0.09429060320931153,0.1333146097111637,5.437657307504507,2247.58,2165.52,0.03651038005321279,0,0.0
0.5,0.25,0.9,3,45,19.404459476470947,144222,0.020553905784133738,0.019006507798682293,0.04050786393392264,0.05105197278823603,0.06362206977904576,0.09424077935018005,2.686025930117232,2884.44,2850.22,0.01186365464353566,0,0.0
0.5,0.25,0.9,2,44,19.813626050949097,143759,0.020164747719692715,0.01864002208302651,0.039887338525210606,0.050037345387567635,0.0629276457913946,0.08387466380553121,2.6844037611485096,2875.18,2846.26,0.010058500685174493,0,0.0
1.0,1.0,0.7,4,46,15.420897245407104,112546,0.01641447088504594,0.012419673105370066,0.045481436921910756,0.06643146891733878,0.09445965308763651,0.14093550658339637,5.348890293144261,2250.92,2171.6,0.03523892452863718,0,0.0
1.0,1.0,0.7,5,47,15.304449081420898,111753,0.016119018072624752,0.012101460043602685,0.045101320443839646,0.06629936116109235,0.09463028591868812,0.13722090212744575,5.478624969401179,2235.06,2157.34,0.03477311571054021,0,0.0
0.5,0.25,0.9,6,48,19.3823561668396,143256,0.02008050358125486,0.01846930619112719,0.03993583545044821,0.050813497309544285,0.06432676225696575,0.08212723234134067,2.751240181071638,2865.12,2832.66,0.011329368403417658,0,0.0
0.5,0.25,0.9,4,46,19.781627655029297,144220,0.020724687602041252,0.019044319247678132,0.04128984055701854,0.052405641457656776,0.06665967928419236,0.09558681269366787,2.751772892278417,2884.4,2843.36,0.014228262376924143,0,0.0
0.5,0.25,0.9,5,47,19.646121978759766,143937,0.02045515194900846,0.01886322461169243,0.0404025035229896,0.05111538365175587,0.06506866033574088,0.09048613716360165,2.709790330337891,2878.74,2843.98,0.01207472713756713,0,0.0
1.0,1.0,0.7,6,48,15.596405506134033,111410,0.016278214338493004,0.012221727954745631,0.045387229812484525,0.06612598062315538,0.09394210209831896,0.16715450161171574,5.410526307573309,2228.2,2148.66,0.03569697513688179,0,0.0
0.5,0.25,0.9,8,50,19.450226306915283,144224,0.020612151886627496,0.019036172067508517,0.040731501935606575,0.051676035360862245,0.06396230697487508,0.08844467332182404,2.714623253961041,2884.48,2846.88,0.013035278455735523,0,0.0
0.5,0.25,0.9,7,49,19.866312503814697,144406,0.020702339113365706,0.01916715299412708,0.04071877865371931,0.05152632177595735,0.06442393853081381,0.0860968643198845,2.688261620896191,2888.12,2851.28,0.012755702671634143,0,0.0
0.5,0.25,0.9,9,51,19.589564561843872,143664,0.02022843196745563,0.01867901540362027,0.04006898721607437,0.050768853649614504,0.06355705686492293,0.09710702172485242,2.7179619777911177,2873.28,2840.68,0.011345918253703085,0,0.0
1.0,1.0,0.7,7,49,14.89798355102539,112448,0.016008338788681915,0.011989002543075777,0.044952802280704404,0.06574213437323727,0.09228935601467712,0.1584115868686382,5.483536610909011,2248.96,2172.74,0.03389122083096187,0,0.0
1.0,1.0,0.7,9,51,14.667358875274658,111492,0.01632716311761371,0.012269409519742425,0.04562625880867142,0.06633773217038103,0.09371185743311589,0.14469482642834208,5.406758333694747,2229.84,2149.1,0.036208875973163995,0,0.0
1.0,1.0,0.7,8,50,15.613789558410645,112160,0.016410623334842046,0.012312095003085943,0.045619137591789274,0.0670595051141541,0.09813339531180088,0.1724705770856758,5.446636425185647,2243.2,2162.6,0.03593081312410842,0,0.0
1.0,1.0,0.75,1,43,16.332577228546143,119728,0.017679907012131835,0.013613730428826187,0.04813576797897346,0.06934820690985352,0.09691175375815238,0.17258103466037156,5.093990017828854,2394.56,2288.98,0.04409160764399305,0,0.0
1.0,1.0,0.75,2,44,16.431090593338013,119546,0.017807816690169183,0.013754293402451268,0.04846746788876288,0.06995499710788772,0.09861537386418448,0.14649896573302001,5.0860480477623415,2390.92,2284.12,0.04466899770799525,0,0.0
1.0,1.0,0.75,0,42,16.874652862548828,120503,0.01791860315691071,0.013780309952771574,0.04874338611144715,0.06998314658576095,0.09630428115246566,0.14287668419505195,5.078488569967582,2410.06,2300.9,0.04529347817066795,0,0.0
1.0,1.0,0.75,6,48,16.060428857803345,119336,0.01778782428688622,0.013610263902450015,0.048839200128846016,0.07074627538360959,0.09944738823389387,0.1747044376007132,5.19800908275367,2386.72,2276.36,0.046239190185694175,0,0.0
1.0,1.0,0.75,4,46,16.40135407447815,120551,0.018120147311449328,0.013978392195532763,0.049087809400329974,0.07134666701862713,0.10057031268206611,0.15906966863039784,5.104068194726159,2411.02,2298.5,0.046669044636709775,0,0.0
1.0,1.0,0.75,3,45,16.806959629058838,120331,0.01794203950013566,0.013738037333503428,0.04907125553262226,0.07106462517079919,0.10002423004818026,0.18906902182082774,5.1728368067170285,2406.62,2293.94,0.04682085248190408,0,0.0
1.0,1.0,0.75,5,47,16.489413261413574,119823,0.0176335406595087,0.013517042716010508,0.048156424333803106,0.07015754870613747,0.09823439982692982,0.15275559886656254,5.190303099585391,2396.46,2291.32,0.04387304607629587,0,0.0
1.0,1.0,0.75,7,49,16.365903615951538,120503,0.017478134383284074,0.013314090513226517,0.04788722798556079,0.0695810982181317,0.09839210340852328,0.1431397209194074,5.226124769769912,2410.06,2306.52,0.04296158601860534,0,0.0
1.0,1.0,0.75,8,50,16.420464515686035,120063,0.01789523087733069,0.013738209601086737,0.04868123592738483,0.07097119821114391,0.1006989525126821,0.15438928816480768,5.165971423636589,2401.26,2291.9,0.04554275671938899,0,0.0
1.0,1.0,0.75,9,51,16.45339298248291,119471,0.017725705903181687,0.013628447810816624,0.04844299090893145,0.06920218785074612,0.09845032307848384,0.14848774351650817,5.077774726174007,2389.42,2283.38,0.04437897062885554,0,0.0
1.0,1.0,0.78,1,43,17.0650954246521,124565,0.018742379366050783,0.01457049953227596,0.0504483663298593,0.0715188656865442,0.09979445463184351,0.1670557607799381,4.908470401314561,2491.3,2362.76,0.051595552522779274,0,0.0
1.0,1.0,0.78,2,44,16.956542253494263,124395,0.018890499461437817,0.01476455394358922,0.05072818737157263,0.07256092754434014,0.10098875523235108,0.15065935820220488,4.914535706366269,2487.9,2356.58,0.052783472004501786,0,0.0
1.0,1.0,0.78,0,42,17.390462636947632,125392,0.019081107978313007,0.014915098913419023,0.05113629164827244,0.07218130203440311,0.1017444361207282,0.15337281540379166,4.83947860174511,2507.84,2372.26,0.05406246012504785,0,0.0
1.0,1.0,0.78,3,45,16.97114133834839,125041,0.019115438756715456,0.014858304252243215,0.05124546243477823,0.07371863122686127,0.10509111958552336,0.18858387916845487,4.961443107865535,2500.82,2363.9,0.054750041986228515,0,0.0
1.0,1.0,0.78,4,46,16.96490788459778,125344,0.019159327429872246,0.014959545174085598,0.05153532002062675,0.07384446343870195,0.10414913600673233,0.1505592219720313,4.936277311867919,2506.88,2367.14,0.05574259637477662,0,0.0
1.0,1.0,0.78,5,47,16.942490339279175,124535,0.018543001586047016,0.014398224117240233,0.05010944564599775,0.07197963339435713,0.0994113320526144,0.145123371463157,4.999202179952854,2490.7,2365.04,0.050451680250531976,0,0.0
1.0,1.0,0.78,6,48,17.069818258285522,124148,0.01893771053185035,0.014766063345497571,0.0508791686412358,0.0723486422105234,0.10268540742492453,0.16083814295800636,4.899656768205843,2482.96,2349.78,0.05363759383961079,0,0.0
1.0,1.0,0.78,7,49,17.143101930618286,125239,0.018479553089439285,0.014327906374951738,0.049861884646888996,0.07216180386485149,0.10289782964382002,0.16430782709053915,5.036451382108822,2504.78,2380.54,0.04960116257715248,0,0.0
1.0,1.0,0.78,8,50,16.78571081161499,124985,0.019062597042786053,0.01484661853598368,0.05121192139422274,0.07416406465099876,0.10568101191164028,0.15155341413289136,4.995350589176091,2499.7,2364.36,0.05414249709965196,0,0.0
1.0,1.0,0.78,9,51,17.093669176101685,124234,0.01877893361041095,0.01463021057217695,0.05081915222182756,0.07242099527711394,0.1007830604524073,0.14587727019145547,4.950099311273127,2484.68,2353.52,0.05278748168778273,0,0.0
1.0,1.0,0.8,1,43,17.107194900512695,127814,0.019723137729350082,0.015504359806945978,0.05237031288408324,0.07435148504359877,0.10170961532192298,0.1692026696341422,4.795521128856232,2556.28,2404.26,0.05946922872298809,0,0.0
1.0,1.0,0.8,0,42,17.64232873916626,128650,0.020032242794908797,0.01580504103145941,0.05322420508039903,0.07553419097109028,0.10442914425056099,0.1403641735152661,4.779120207327648,2573.0,2412.36,0.06243295763699961,0,0.0
1.0,1.0,0.8,2,44,17.49358582496643,127719,0.019980338634514733,0.015744702678663458,0.053112466215776165,0.07566947733151234,0.1068636297257113,0.15598032541257822,4.806027708230804,2554.38,2396.52,0.06179973222464943,0,0.0
1.0,1.0,0.8,4,46,17.20475697517395,128528,0.020190206260094996,0.015940372505085065,0.053657918846879205,0.07626760894405413,0.10652020217170556,0.15584478728605333,4.7845562529811865,2570.56,2407.02,0.06362037843893938,0,0.0
1.0,1.0,0.8,5,47,17.44194793701172,127791,0.019464902086428232,0.015256534235881247,0.05225575014075723,0.07449735538709212,0.10226580892102591,0.16929069622413806,4.882980251955566,2555.82,2407.18,0.058157460228028576,0,0.0
1.0,1.0,0.8,3,45,17.730942726135254,128285,0.01999221428707386,0.015684686364920708,0.05344735605161012,0.07576351556830077,0.10548972951544006,0.15409626125794063,4.8304131689715035,2565.7,2404.1,0.0629847604942121,0,0.0
1.0,1.0,0.8,6,48,17.66715383529663,127263,0.019828395983229732,0.015538213817301028,0.053077843678074256,0.07548527604826123,0.10519511183370843,0.16623459129033336,4.858040759113003,2545.26,2387.72,0.06189544486614334,0,0.0
1.0,1.0,0.8,7,49,17.752497673034668,128530,0.019375620427613507,0.015216155193479963,0.05167712919864548,0.07407922962482742,0.10193957069430416,0.16464600341569025,4.868459126689898,2570.6,2426.68,0.05598692912160585,0,0.0
1.0,1.0,0.8,8,50,17.843623638153076,128224,0.01990321412496547,0.01565227588265472,0.05288411469755492,0.0754962740560398,0.10764193023725822,0.16949158437773804,4.823341641946269,2564.48,2407.42,0.06124438482655353,0,0.0
1.0,1.0,0.8,9,51,17.602844715118408,127383,0.01952363415570986,0.01531020850935505,0.051944616528241026,0.07379501143347797,0.10216290281068854,0.14858074813106015,4.819987356043306,2547.66,2402.02,0.05716618387068918,0,0.0
1.0,1.0,0.82,1,43,17.56434679031372,130909,0.020697339169210897,0.01645634564810905,0.05438519403535869,0.07705355817473063,0.10641003522938391,0.20490344880051836,4.682300665189579,2618.18,2442.02,0.06728338005790281,0,0.0
1.0,1.0,0.82,2,44,17.537644624710083,130910,0.020868460140899617,0.016577263520590968,0.05483933826125941,0.07771706714014759,0.10936120064213056,0.1640181462646808,4.68817226942273,2618.2,2435.28,0.0698647926056069,0,0.0
1.0,1.0,0.82,0,42,18.259336233139038,131909,0.02108856456673208,0.016917842860401322,0.05510263613138302,0.0774903814492114,0.10873152552582456,0.18620180827230115,4.580393735101355,2638.18,2452.94,0.07021507251211062,0,0.0
1.0,1.0,0.82,4,46,17.9411563873291,131626,0.021067670067869824,0.0168712843080705,0.05506623598320104,0.07795881548842365,0.10787094870807534,0.20014918167851903,4.6207991084076205,2632.52,2447.5,0.07028246698980445,0,0.0
1.0,1.0,0.82,3,45,18.093249559402466,131465,0.020979401514809242,0.016624619682074737,0.05536608061174486,0.0784043890989804,0.10726102114727316,0.15928540912160116,4.716161367800722,2629.3,2443.58,0.07063476971056935,0,0.0
1.0,1.0,0.82,5,47,17.671270847320557,131002,0.02040904870680886,0.016164073962819714,0.05396641049094483,0.07648299092690185,0.10817383506486308,0.15104731947212002,4.731665488714449,2620.04,2447.38,0.06589975725561442,0,0.0
1.0,1.0,0.82,6,48,17.676411628723145,130514,0.020755962936894794,0.01641758049601183,0.05504175884424675,0.07820161460792127,0.1082074089071701,0.17524875918378058,4.763284981420865,2610.28,2427.76,0.06992353310755935,0,0.0
1.0,1.0,0.82,7,49,17.883428812026978,131735,0.02039261559105684,0.01615162762861999,0.05396090118157771,0.0764228198214857,0.10690431825520924,0.16587505930770163,4.731586288311139,2634.7,2462.76,0.06525980187497628,0,0.0
1.0,1.0,0.82,8,50,17.659137725830078,131374,0.02109214157329615,0.016734572504219614,0.055384741312248305,0.07839986935882007,0.1115511540354394,0.1730572655370679,4.684904220830952,2627.48,2438.42,0.0719548769162848,0,0.0
1.0,1.0,0.82,9,51,18.208359479904175,130564,0.020651536730334978,0.016448868385829485,0.05460849622739602,0.07702012084324944,0.1077508256048971,0.15706891026518832,4.682396322752598,2611.28,2432.96,0.06828834900891517,0,0.0
1.0,1.0,0.84,0,42,17.90352463722229,135035,0.022265667480996145,0.017986150590783012,0.05757389967810926,0.08077174405035396,0.10993150744743156,0.151275424711816,4.490774367904235,2700.7,2479.32,0.08197134076350576,0,0.0
1.0,1.0,0.84,1,43,18.369583129882812,134092,0.02181951990808894,0.017571063596456327,0.05661250396113857,0.0795564090490389,0.10995102329411982,0.19078822786148208,4.527694559428012,2681.84,2475.34,0.07699937356441845,0,0.0
1.0,1.0,0.84,5,47,17.848496913909912,134333,0.02166377046011339,0.017400961315612307,0.056388204689459084,0.07935025399268594,0.1095477596415979,0.17736453025730015,4.560107487940459,2686.66,2480.32,0.07680167940863376,0,0.0
1.0,1.0,0.84,2,44,18.624541759490967,134121,0.022025860521211357,0.017776042757606803,0.05727664597215565,0.07993655762842448,0.11041326574484729,0.1717609647852214,4.4968702381309065,2682.42,2468.66,0.07968923583927946,0,0.0
1.0,1.0,0.84,3,45,18.576207637786865,134692,0.022346277566403946,0.018020278083628938,0.058008545315226985,0.08071219815622878,0.11057174559439784,0.1589617599961528,4.478965184757842,2693.84,2467.92,0.08386541145725061,0,0.0
1.0,1.0,0.84,4,46,18.61472249031067,134784,0.022419629295285227,0.01809378246229265,0.05783879070271494,0.08218299743514677,0.11529619815185996,0.1722625254356771,4.542057339664369,2695.68,2470.04,0.08370429724596391,0,0.0
1.0,1.0,0.84,6,48,18.17195963859558,133748,0.02189238880059018,0.017613896998605938,0.057086814949176896,0.08034061103843787,0.11187797784973849,0.16700979015766038,4.561205907176389,2674.96,2462.9,0.07927595178993331,0,0.0
1.0,1.0,0.84,7,49,18.11203956604004,134887,0.021438389090319726,0.017197541583023224,0.05585860228116636,0.07953851306634432,0.108351174203709,0.1629116627589724,4.624993210940207,2697.74,2497.62,0.0741806104368842,0,0.0
1.0,1.0,0.84,8,50,18.745231866836548,134609,0.022148263304116532,0.017797248791683984,0.05707183957473489,0.08134469716157473,0.11418314699038325,0.17902544762824846,4.570633254258051,2692.18,2477.06,0.07990550408962253,0,0.0
1.0,1.0,0.84,9,51,18.62589716911316,133824,0.02181821908698164,0.017596634047958304,0.05681131032242852,0.07969767990397472,0.1116644125493643,0.16808953803620597,4.5291434536153155,2676.48,2468.22,0.07781115494978479,0,0.0
1.0,1.0,0.85,0,42,18.61149287223816,136672,0.02315770442281051,0.018830393132445167,0.059398056351239244,0.08303587392398899,0.11530213326324813,0.1597866547540434,4.409672880430543,2733.44,2484.82,0.09095498712245376,0,0.0
1.0,1.0,0.85,2,44,18.178222179412842,135753,0.0226832301590274,0.018415347835126994,0.05840627376391723,0.08179242015956965,0.11275919456463766,0.16718020805858202,4.441535445969251,2715.06,2479.72,0.0866794840629673,0,0.0
1.0,1.0,0.85,1,43,18.403625011444092,135585,0.0223439063209094,0.01810006470071812,0.05756861513090106,0.0813013117252138,0.11236517138564638,0.20889279657403037,4.491769121797016,2711.7,2490.2,0.08168307703654534,0,0.0
1.0,1.0,0.85,3,45,18.45720934867859,136285,0.022967935260745777,0.01856954143781664,0.05926539210750404,0.08221036381485537,0.11533360482680494,0.21506867520862727,4.427161763264385,2725.7,2482.26,0.08931283706937668,0,0.0
1.0,1.0,0.85,4,46,18.771365642547607,136334,0.023114665094132753,0.01883480479546229,0.059230785150416826,0.08299559256344669,0.11532463833256974,0.1637584133356107,4.406501339660399,2726.68,2479.9,0.0905056698989247,0,0.0
1.0,1.0,0.85,6,48,18.03085446357727,135303,0.022648641330748124,0.018219655502228704,0.05883536669045809,0.08289119817576354,0.11411769717388451,0.19402178342839704,4.549548050764404,2706.06,2472.36,0.08636172146959048,0,0.0
1.0,1.0,0.85,5,47,18.519217252731323,135863,0.02212708207104925,0.017861640905522336,0.05739403005940247,0.08011307356823254,0.11220089186629585,0.18017940340185845,4.485202339022712,2717.26,2498.22,0.08061061510492187,0,0.0
1.0,1.0,0.85,7,49,18.611573934555054,136483,0.02188184251647003,0.017606324916528138,0.05681753777111405,0.08064607906249768,0.10936880478641299,0.1593301803902314,4.580517481350708,2729.66,2517.8,0.07761406182454958,0,0.0
1.0,1.0,0.85,9,51,18.23340153694153,135518,0.022327974603204893,0.018090049940290953,0.0578580586804355,0.08111831957463612,0.11103976403710705,0.15030724942435647,4.484140167792784,2710.36,2487.28,0.0823064094806594,0,0.0
1.0,1.0,0.85,8,50,18.811238050460815,136224,0.02286107026960803,0.01845980256893398,0.05869244115982645,0.08305185587142974,0.11664912781080723,0.18671992354808964,4.4990652289639215,2724.48,2483.9,0.08830308902983322,0,0.0
1.0,1.0,0.86,0,42,18.348461151123047,138288,0.023928352428557828,0.019619819779640224,0.0609253164270063,0.08430741048528935,0.11423210601568387,0.1654820807720796,4.297053256971116,2765.76,2492.76,0.0987070461645262,0,0.0
1.0,1.0,0.86,2,44,18.688867330551147,137471,0.02362301240395878,0.019338558652279403,0.06042229419515266,0.08408434702162974,0.11386605745783544,0.17846219200061597,4.348015202866159,2749.42,2486.58,0.09559834437808701,0,0.0
1.0,1.0,0.86,3,45,18.632256746292114,137939,0.023669903820058496,0.01923661127663223,0.06049000206622672,0.08414441910214873,0.11440480761507181,0.18926033588861912,4.374180976686033,2758.78,2490.44,0.09726763279420614,0,0.0
1.0,1.0,0.86,1,43,19.248923301696777,137219,0.023084359716750796,0.018806003558218265,0.058986216126688244,0.08316296528625486,0.11179550611341997,0.212901445658499,4.422149821933457,2744.38,2499.76,0.08913488656818662,0,0.0
1.0,1.0,0.86,4,46,18.746192693710327,137883,0.023779025393984465,0.019395614025405905,0.06078727262228547,0.0844296293267643,0.11864226227335842,0.17871291406657264,4.353026886190441,2757.66,2489.78,0.09714032911961591,0,0.0
1.0,1.0,0.86,5,47,18.623037099838257,137412,0.0228571459716975,0.0185640014075652,0.05864498148193514,0.08255363970446888,0.11390603423541108,0.19919531804183777,4.446974436816549,2748.24,2510.52,0.08649899572089774,0,0.0
1.0,1.0,0.86,6,48,18.70826554298401,136857,0.023252983123374704,0.018934273857432515,0.059560985021665395,0.08359498711338002,0.11538279954383783,0.19059252736879273,4.4150088745318,2737.14,2486.94,0.09140928122054408,0,0.0
1.0,1.0,0.86,8,50,18.58299207687378,137840,0.023554185876890656,0.019291824684298575,0.05979861791392515,0.08463734290536648,0.11566987651741573,0.1732961501940693,4.387212940736082,2756.8,2498.32,0.09376088218224028,0,0.0
1.0,1.0,0.86,7,49,18.877028465270996,138045,0.022724444316626565,0.018537346467361715,0.05842035128895727,0.08125591020528586,0.10955821545146067,0.1585498776671841,4.383362545893572,2760.9,2526.92,0.08474772719040892,0,0.0
1.0,1.0,0.86,9,51,18.693398475646973,137206,0.023339978187810872,0.01898134429200482,0.05975075813290953,0.0835041628503557,0.11453249987385103,0.17205833549369132,4.399275497338126,2744.12,2488.6,0.09311546142296984,0,0.0
1.0,1.0,0.87,2,44,18.5606210231781,139058,0.024364093242643842,0.020027862561118326,0.06172925351379632,0.0864716982818615,0.1175837654415955,0.17003265922015487,4.317569986211901,2781.16,2494.3,0.10314401185117002,0,0.0
1.0,1.0,0.87,0,42,18.900409936904907,139819,0.024703719126597606,0.02044827028634444,0.062120051458386887,0.08645704507357652,0.11700833794111223,0.15633662015060779,4.22808598785558,2796.38,2500.3,0.10587974452685257,0,0.0
1.0,1.0,0.87,1,43,19.103798389434814,138808,0.023916452715505937,0.019656085991156758,0.06063563036602399,0.08437687243818219,0.11558904744092177,0.20923329993641815,4.292658898426839,2776.16,2506.42,0.09716298772405049,0,0.0
1.0,1.0,0.87,3,45,18.92780375480652,139504,0.024441220058603785,0.020126940112195513,0.06167811338723637,0.08507405284520948,0.11600549422180692,0.17404015767153425,4.226874645175726,2790.08,2499.26,0.10423357036357381,0,0.0
1.0,1.0,0.87,5,47,19.07647204399109,139029,0.02366900174433517,0.01933578424109683,0.06042356653319843,0.08406167726757616,0.11755094911671198,0.19852344590263726,4.347466656610134,2780.58,2514.62,0.09564910917866057,0,0.0
1.0,1.0,0.87,4,46,19.30326557159424,139464,0.024632728729999297,0.02018728107271528,0.06237008190862774,0.08661367183595234,0.11841696194385361,0.1711645320726376,4.290507053622869,2789.28,2493.1,0.10618510870188723,0,0.0
1.0,1.0,0.87,6,48,19.026185750961304,138403,0.024215797978001156,0.01981840238460819,0.061575511141787574,0.08589088699807597,0.11851030039707805,0.1757458237755003,4.333895605267479,2768.06,2485.64,0.10202813522828262,0,0.0
1.0,1.0,0.87,7,49,18.772489070892334,139569,0.023428485932317576,0.01912080757269763,0.059932797950126834,0.0835291583014336,0.1133915809845797,0.17183052559835232,4.368495315056875,2791.38,2530.8,0.0933516755153365,0,0.0
1.0,1.0,0.87,8,50,19.22639298439026,139383,0.024272670088957154,0.019946207108013425,0.06132611636860188,0.08614857090409307,0.11801922662750147,0.18041363317566095,4.319045241913823,2787.66,2507.4,0.10053593336346613,0,0.0
1.0,1.0,0.87,9,51,19.126445055007935,138852,0.02394171924707781,0.01967966678726718,0.060859842826817695,0.08526648888687924,0.11827452725472384,0.17036957180006596,4.332720152662696,2777.04,2504.16,0.09826289862587503,0,0.0
1.0,1.0,0.88,0,42,19.14974331855774,141354,0.02557618817473427,0.021272311257627408,0.06397490695901098,0.08808288215221269,0.12054736669073517,0.18585313039199747,4.140729283501324,2827.08,2499.16,0.11599247279878885,0,0.0
1.0,1.0,0.88,3,45,18.761943817138672,141015,0.025257329131935218,0.02089848399557681,0.06334167691507697,0.08777554617532694,0.11915392358672888,0.19255885566467157,4.200091556588734,2820.3,2503.72,0.11225046980817643,0,0.0
1.0,1.0,0.88,2,44,19.128952026367188,140685,0.025255435530289073,0.02089747122307628,0.06343823881476138,0.08773968559737981,0.12088917067500088,0.17045935073610963,4.1985790845589115,2813.7,2498.32,0.11208728720190496,0,0.0
1.0,1.0,0.88,1,43,19.317545413970947,140381,0.024661459194081744,0.020344589214687403,0.061904083604460425,0.08664393189944804,0.11956076147510114,0.22277227706019787,4.258819432780537,2807.62,2513.38,0.1048005071911441,0,0.0
1.0,1.0,0.88,4,46,19.173823595046997,141025,0.025487249782246913,0.021046625859533208,0.06440508158087362,0.08924329067871871,0.12245489671471052,0.17248464194379665,4.240265934992871,2820.5,2493.66,0.11588016309165042,0,0.0
1.0,1.0,0.88,5,47,19.00113010406494,140610,0.024408887983843518,0.020132888222818224,0.061412336895780045,0.08569291262883823,0.11735712946752523,0.1767563206773204,4.256364595106406,2812.2,2522.66,0.10295853779958751,0,0.0
1.0,1.0,0.88,6,48,19.088611841201782,139987,0.025128256663589775,0.02078041873949843,0.06329180127758605,0.08784868926611397,0.11882124734982553,0.17045949255993165,4.227474449258107,2799.74,2487.42,0.11155321565573946,0,0.0
1.0,1.0,0.88,8,50,19.309701442718506,140954,0.025178333658934016,0.020877126729619278,0.0630947723660711,0.0881066323448912,0.12080806080757717,0.17283508449284923,4.220247042898414,2819.08,2510.84,0.1093406359521546,0,0.0
1.0,1.0,0.88,7,49,19.375098705291748,141107,0.024273507619757034,0.01989747208052961,0.06134729174302568,0.08558826237715834,0.11564520382970926,0.17394907468154486,4.301464127240039,2822.14,2535.54,0.10155413976627665,0,0.0
1.0,1.0,0.89,0,42,19.26577377319336,142840,0.026578666970446245,0.022272621374682444,0.06608421274426667,0.09141928952499243,0.1219244390352523,0.1710096474326619,4.104559045254988,2856.8,2494.64,0.12677121254550547,0,0.0
1.0,1.0,0.88,9,51,19.32789921760559,140405,0.02474651226239069,0.020409805649084234,0.062412921455042174,0.08701385934181688,0.11926095622821181,0.15251923267601342,4.2633360080879115,2808.1,2509.18,0.10644920052704676,0,0.0
1.0,1.0,0.89,1,43,19.528090476989746,141969,0.025743783840803596,0.021466685576175593,0.06398671260886318,0.08820001991153192,0.1207839973273137,0.21513198707685888,4.108692960473558,2839.38,2507.34,0.11694102233586205,0,0.0
1.0,1.0,0.89,2,44,19.053995370864868,142250,0.02629554283773931,0.021956833842626367,0.0651404742533799,0.09080309800816869,0.12479396703569733,0.19158463606429166,4.135527857021269,2845.0,2494.52,0.12319156414762741,0,0.0
1.0,1.0,0.89,3,45,18.822431325912476,142631,0.026274746570208393,0.021909539360798647,0.06517671408156289,0.08990743221557615,0.12077754965576724,0.2137833647415448,4.103574736785285,2852.62,2503.42,0.12241378101534729,0,0.0
1.0,1.0,0.89,4,46,18.824304580688477,142586,0.0266257086265865,0.0222511411177706,0.06568895310661915,0.0908720906293837,0.12482505401324903,0.20462779809717802,4.083929455501489,2851.72,2488.52,0.12736173256841485,0,0.0
1.0,1.0,0.89,5,47,18.460875988006592,142239,0.025388653814092582,0.02107671609148909,0.06338079348542684,0.088251565243734,0.12060474539473079,0.19321618871817492,4.18715917890883,2844.78,2522.56,0.1132671067709981,0,0.0
1.0,1.0,0.89,6,48,18.312150478363037,141578,0.02586181425786412,0.02143947038010019,0.06451615164545395,0.08968351371091,0.12160464794345074,0.18749353779693934,4.18310303943669,2831.56,2495.52,0.1186766305499442,0,0.0
1.0,1.0,0.89,8,50,18.018027782440186,142574,0.02625347498869364,0.021922028940936755,0.06484358475967496,0.08997812720329298,0.12314942752132742,0.18574045753651092,4.104461655703302,2851.48,2500.5,0.12308695835145259,0,0.0
1.0,1.0,0.89,7,49,18.351866722106934,142733,0.02532767526717566,0.020984177782557012,0.06324379956037798,0.08777482797044257,0.11749748994619398,0.17188379972493806,4.182905276536731,2854.66,2530.36,0.11360372163410003,0,0.0
1.0,1.0,0.89,9,51,17.6424822807312,142045,0.025829287676829734,0.02150899477472734,0.06449887137829789,0.08946734700919916,0.12221823199476356,0.18715068066705953,4.15953176548825,2840.9,2505.4,0.11809637790840931,0,0.0
1.0,1.0,0.9,0,42,17.76106333732605,144425,0.027819107509782115,0.023446769518347566,0.06795116973786999,0.09349851887157816,0.12545930066042527,0.1798415082482805,3.9876930081311928,2888.5,2483.1,0.14034966245456118,0,0.0
1.0,1.0,0.9,1,43,17.765023708343506,143633,0.026903598816326278,0.022463106976125857,0.06679537537891916,0.09183409273419835,0.12349236281744135,0.19105439737119312,4.088218643654284,2872.66,2494.34,0.1316967549240077,0,0.0
1.0,1.0,0.9,2,44,17.81251621246338,143744,0.027137764487247824,0.022785424843426938,0.06673614339856222,0.09183352800799119,0.12484360309826563,0.19091019365140482,4.0303627708957555,2874.88,2495.02,0.132130732413179,0,0.0
1.0,1.0,0.9,4,46,16.99304699897766,144219,0.027796538196864146,0.023421092280571543,0.06823658142846761,0.09394517200738467,0.12811108209044167,0.18387725834119095,4.011135385232005,2884.38,2477.6,0.14102857459835388,0,0.0
1.0,1.0,0.9,3,45,17.4555082321167,144209,0.02734755190077322,0.022988834326383767,0.06719184614974268,0.09183251231093068,0.12435608917738714,0.212363227113336,3.9946571891005616,2884.18,2492.58,0.13577515966409864,0,0.0
1.0,1.0,0.9,5,47,16.497101306915283,143914,0.026425703340331248,0.022089899733700236,0.0654951525979815,0.0900465075426705,0.12356257223259538,0.17934968569645093,4.0763656072777925,2878.28,2518.78,0.12490098253123393,0,0.0
1.0,1.0,0.9,8,50,15.753359079360962,144200,0.027262331315596026,0.022914461723333446,0.0669437423114159,0.0934529424500168,0.12756660834619107,0.18728397982466305,4.0783389799139425,2884.0,2499.6,0.1332871012482663,0,0.0
1.0,1.0,0.9,6,48,16.08924174308777,143251,0.02712778654449469,0.022684540067814396,0.06710386339722074,0.09298636602096799,0.1260092000573092,0.19461361755773865,4.09910739838628,2865.02,2483.24,0.1332556142714536,0,0.0
1.0,1.0,0.9,7,49,16.242493152618408,144385,0.02623995939408519,0.02192255729115189,0.06497086284883968,0.08984480826371326,0.1217037040666217,0.19015173935184748,4.098281376141063,2887.7,2535.76,0.12187554108806316,0,0.0
1.0,1.0,0.9,9,51,16.004409313201904,143652,0.02713191233235346,0.022815643686682208,0.06710364090138013,0.09231525152645334,0.12294297977634246,0.18476261896190493,4.046138377429998,2873.04,2489.48,0.13350318826051846,0,0.0
