balancer,fault,baseline,run_id,seed,elapsed_sec,total,avg_latency,p50_latency,p95_latency,p99_latency,p999_latency,max_latency,tail_ratio,throughput,goodput,slo_violation_rate,hedge_count,affected_ratio
p2c,S2_progressive,no_mitigation,6,48,16.449344635009766,127261,0.017918554810280596,0.01563256431840898,0.0282628024016347,0.12847539307977052,0.18497154342346814,0.24374385414132682,8.218446472564791,2545.22,2505.4,0.015645013004769726,0,0.015660728738576626
p2c,S2_progressive,no_mitigation,1,43,16.619189739227295,127814,0.01817246550242193,0.015895398901113467,0.028538786551598957,0.13109283891058285,0.18661730302997773,0.24792044702536487,8.247219193813365,2556.28,2516.4,0.015600794905096468,0,0.015608618774156195
p2c,S2_progressive,no_mitigation,5,47,16.845689058303833,127812,0.01810515705837929,0.015760633552146075,0.028513343350095074,0.13136925836896013,0.18641839261575333,0.24472288487658744,8.335277762426752,2556.24,2516.38,0.015593215034582043,0,0.015593215034582043
p2c,S2_progressive,no_mitigation,0,42,16.862143516540527,128654,0.018161268035840315,0.015876611456029366,0.028580332638945723,0.1282097674281407,0.18549921496409882,0.2425606650135279,8.075386097544841,2573.08,2533.18,0.015506707914250626,0,0.015498935128328695
p2c,S2_progressive,no_mitigation,2,44,16.98156213760376,127723,0.018018112724327146,0.015722764568060654,0.02828844460125772,0.129881941940338,0.1861947315567296,0.2422322934836103,8.260757284643262,2554.46,2514.64,0.01558842181909288,0,0.015604080705902617
p2c,S2_progressive,no_mitigation,4,46,16.99079966545105,128534,0.018246294671249427,0.015996311123233298,0.028624221202037604,0.12924896112906484,0.18729052575324456,0.23757053808694195,8.079922935566161,2570.68,2530.8,0.015513405013459474,0,0.015513405013459474
p2c,S2_progressive,no_mitigation,8,50,17.04418706893921,128213,0.01818222406448772,0.015851123599034622,0.028540085706621445,0.13135595710579984,0.18599782601335454,0.23830442178989486,8.286854637471869,2564.26,2524.38,0.015552245092151341,0,0.015552245092151341
p2c,S2_progressive,fixed_isolation,7,49,16.982630729675293,128683,0.016383652894251404,0.01596299081052166,0.02749873560607625,0.03153032058342468,0.03833684580431829,0.049774771024747366,1.975213852948042,2573.66,2573.66,0.0,0,0.0
p2c,S2_progressive,no_mitigation,9,51,17.09818983078003,127375,0.01791891002994301,0.015593769237082,0.028201593548546098,0.12920869415616487,0.1867815205586495,0.24225914192761877,8.28591806071533,2547.5,2507.68,0.015631010794896958,0,0.015646712463199215
p2c,S2_progressive,fixed_isolation,4,46,17.067124605178833,128016,0.01621765254161869,0.01577026380797264,0.027323221310570744,0.031138980220270174,0.038094844465346264,0.04822687342402432,1.9745376868412243,2560.32,2560.32,0.0,0,0.0
p2c,S2_progressive,fixed_isolation,6,48,17.076364040374756,127216,0.01604384116766237,0.015595398485445777,0.027075278565305005,0.030148510728660975,0.03745072696233209,0.04851091384975881,1.9331670657083062,2544.32,2544.32,0.0,0,0.0
p2c,S2_progressive,no_mitigation,7,49,17.18855094909668,128531,0.018180302890565627,0.015935111996046913,0.02848807901130801,0.12951976195302883,0.1862517620869906,0.24312633764521152,8.127948017256442,2570.62,2530.74,0.015513767106768018,0,0.015513767106768018
p2c,S2_progressive,no_mitigation,3,45,17.233323335647583,128278,0.01808922359107917,0.01579599991053726,0.02841911895896718,0.12888671165803023,0.1850084667324654,0.23353387776618106,8.159452544188225,2565.56,2525.66,0.015552160152169507,0,0.015552160152169507
p2c,S2_progressive,fixed_isolation,1,43,17.313228130340576,128137,0.01630378571136386,0.015853311613097887,0.027543727212723468,0.031557854532261585,0.03802936666041651,0.04812985346787002,1.9906159231859621,2562.74,2562.74,0.0,0,0.0
p2c,S2_progressive,fixed_isolation,2,44,17.560423851013184,128041,0.01615552908207249,0.015750436099043696,0.027178372454553568,0.030061057032504845,0.03753973133478453,0.04615161111588861,1.9085856952449738,2560.82,2560.82,0.0,0,0.0
p2c,S2_progressive,fixed_isolation,3,45,17.61288094520569,127846,0.016178094062810334,0.015761435871791463,0.02722230104737733,0.030247273135172056,0.037450410731344225,0.0471996455154553,1.9190683755726956,2556.92,2556.92,0.0,0,0.0
p2c,S2_progressive,fixed_isolation,8,50,17.574833869934082,128246,0.016307803712019505,0.0158845529603866,0.027423582983707284,0.031475573439053675,0.03820081787405882,0.0485929364570481,1.9815208849470587,2564.92,2564.92,0.0,0,0.0
p2c,S2_progressive,fixed_isolation,5,47,17.619275331497192,127710,0.016188917539983357,0.015720461595247315,0.027372395591133622,0.030870629401264397,0.03751456540744937,0.04539825674649478,1.963722834359861,2554.2,2554.2,0.0,0,0.0
p2c,S2_progressive,fixed_isolation,0,42,17.6618230342865,128711,0.016369002001795894,0.015953895455162126,0.027548583337661192,0.03148883041377885,0.038260476175614476,0.04601108560751754,1.9737392978584523,2574.22,2574.22,0.0,0,0.0
p2c,S2_progressive,fixed_isolation,9,51,16.99063467979431,127264,0.016000828667527278,0.015534339017907683,0.026956651222369208,0.02990267217457091,0.037013080446540676,0.04864183308882275,1.924940104635266,2545.28,2545.28,0.0,0,0.0
p2c,S4_multi_node,no_mitigation,1,43,16.838094472885132,127807,0.020660973872292567,0.01735649395834571,0.04593970686111176,0.0963389504242642,0.1192618306571707,0.16313839423427368,5.550599715326753,2556.14,2431.46,0.0487766710743543,0,0.05198463307956528
p2c,S2_progressive,adaptive,1,43,17.22498106956482,128137,0.01630378571136386,0.015853311613097887,0.027543727212723468,0.031557854532261585,0.03802936666041651,0.04812985346787002,1.9906159231859621,2562.74,2562.74,0.0,0,0.0
p2c,S4_multi_node,no_mitigation,0,42,16.943399667739868,128646,0.020721162890429648,0.017447359780312865,0.045015288461384806,0.09672417306983687,0.11914268239449141,0.15187909422265733,5.543771337768701,2572.92,2449.16,0.04810099031450647,0,0.051630054568350355
p2c,S4_multi_node,no_mitigation,2,44,16.832653284072876,127713,0.020515099370884297,0.017303415122789545,0.045266499490799646,0.09509293702078812,0.11840586172105784,0.14968708463704417,5.495616694507058,2554.26,2430.46,0.04846804945463657,0,0.051991574859254736
p2c,S2_progressive,adaptive,5,47,17.178781270980835,127710,0.016188917539983357,0.015720461595247315,0.027372395591133622,0.030870629401264397,0.03751456540744937,0.04539825674649478,1.963722834359861,2554.2,2554.2,0.0,0,0.0
p2c,S2_progressive,adaptive,0,42,17.66348886489868,128711,0.016369002001795894,0.015953895455162126,0.027548583337661192,0.03148883041377885,0.038260476175614476,0.04601108560751754,1.9737392978584523,2574.22,2574.22,0.0,0,0.0
p2c,S2_progressive,adaptive,4,46,17.47167134284973,128016,0.01621765254161869,0.01577026380797264,0.027323221310570744,0.031138980220270174,0.038094844465346264,0.04822687342402432,1.9745376868412243,2560.32,2560.32,0.0,0,0.0
p2c,S2_progressive,adaptive,3,45,17.483412265777588,127846,0.016178094062810334,0.015761435871791463,0.02722230104737733,0.030247273135172056,0.037450410731344225,0.0471996455154553,1.9190683755726956,2556.92,2556.92,0.0,0,0.0
p2c,S2_progressive,adaptive,9,51,17.31932783126831,127264,0.016000828667527278,0.015534339017907683,0.026956651222369208,0.02990267217457091,0.037013080446540676,0.04864183308882275,1.924940104635266,2545.28,2545.28,0.0,0,0.0
p2c,S2_progressive,adaptive,6,48,17.416924715042114,127216,0.01604384116766237,0.015595398485445777,0.027075278565305005,0.030148510728660975,0.03745072696233209,0.04851091384975881,1.9331670657083062,2544.32,2544.32,0.0,0,0.0
p2c,S2_progressive,adaptive,8,50,17.363313913345337,128246,0.016307803712019505,0.0158845529603866,0.027423582983707284,0.031475573439053675,0.03820081787405882,0.0485929364570481,1.9815208849470587,2564.92,2564.92,0.0,0,0.0
p2c,S2_progressive,adaptive,2,44,17.68883991241455,128041,0.01615552908207249,0.015750436099043696,0.027178372454553568,0.030061057032504845,0.03753973133478453,0.04615161111588861,1.9085856952449738,2560.82,2560.82,0.0,0,0.0
p2c,S2_progressive,adaptive,7,49,17.436219453811646,128683,0.016383652894251404,0.01596299081052166,0.02749873560607625,0.03153032058342468,0.03833684580431829,0.049774771024747366,1.975213852948042,2573.66,2573.66,0.0,0,0.0
p2c,S4_multi_node,no_mitigation,7,49,16.87456226348877,128526,0.020748045305206055,0.017550644405815774,0.04423857543356213,0.09627411661113117,0.1186876963321895,0.15819742009801985,5.4855032319627375,2570.52,2445.8,0.048519365731447335,0,0.05170938175933274
p2c,S4_multi_node,no_mitigation,3,45,17.035391092300415,128267,0.020693452776166944,0.017415099366395737,0.04514946849399873,0.09756918231349945,0.11917764654423466,0.16853774865025883,5.602562481025485,2565.34,2440.4,0.04870309588592545,0,0.05180599842516002
p2c,S4_multi_node,no_mitigation,6,48,17.021741151809692,127261,0.020310469983212225,0.017124950120388505,0.04420422963947601,0.09368764565134012,0.11866852577882663,0.15590646952092335,5.470827359654504,2545.22,2423.3,0.047901556643433575,0,0.052136946904393335
p2c,S4_multi_node,no_mitigation,4,46,17.073708534240723,128524,0.020826172766387208,0.017575454406653535,0.04361074272498383,0.09632068594293072,0.11951138033586872,0.16746488958561656,5.480409422954471,2570.48,2447.36,0.04789766891786748,0,0.0516712831844636
p2c,S4_multi_node,no_mitigation,5,47,17.308935403823853,127799,0.020575145662004617,0.017326935645392894,0.04535435663806261,0.09657132565532171,0.1191421520344064,0.14969466757915484,5.573479790755691,2555.98,2431.84,0.04856845515223124,0,0.05196441286708034
p2c,S4_multi_node,no_mitigation,8,50,16.721877574920654,128206,0.020779348819141244,0.017503199342185916,0.04514687058117417,0.0977936241239142,0.11938737585318517,0.14976700620229622,5.587185646010078,2564.12,2439.76,0.04850007019952264,0,0.05182284760463629
p2c,S4_multi_node,fixed_isolation,0,42,16.835846185684204,128574,0.019386755236093286,0.018679074020619524,0.032152871382525025,0.03842986713602194,0.04587123003736718,0.05743183138640262,2.0573753866813655,2571.48,2571.34,5.44433555773329e-05,7,0.0
p2c,S4_multi_node,fixed_isolation,1,43,16.832977056503296,127835,0.019084443474920706,0.018485794918497334,0.03116448432575218,0.03755422816557584,0.043018267428062966,0.05037204465115508,2.03151816468537,2556.7,2556.68,7.82258379942895e-06,0,0.0
p2c,S4_multi_node,no_mitigation,9,51,16.967955827713013,127371,0.020305369817770327,0.017150807772551957,0.04385556654713163,0.09303412894759944,0.11785334546228726,0.15893579153679838,5.424475055716656,2547.42,2424.56,0.048229188747831137,0,0.0521547290984604
p2c,S4_multi_node,fixed_isolation,5,47,17.06634783744812,127655,0.01864774987991767,0.01787215683793164,0.030000000000001137,0.0389345319049266,0.08641259118086819,0.11960510835979576,2.1785021392769135,2553.1,2537.82,0.0059848811249069754,0,0.011883592495397752
p2c,S4_multi_node,fixed_isolation,2,44,17.370627403259277,128086,0.019049957991638933,0.018484155596983243,0.03060484335532676,0.0372037674353308,0.042944111470373206,0.0534838878866708,2.012738274146683,2561.72,2561.7,7.80725450088222e-06,11,0.0
p2c,S4_multi_node,fixed_isolation,6,48,17.141802310943604,127646,0.018760951312990545,0.01823494139106785,0.0300558942909106,0.03698288368664748,0.04181889923270198,0.050636057750807595,2.028132851842511,2552.92,2552.9,7.834166366356956e-06,0,0.0
p2c,S4_multi_node,fixed_isolation,3,45,17.38818359375,127759,0.01880715283632918,0.01823880744696993,0.030000000000001137,0.037277404951247414,0.06053704320462887,0.1307933445854843,2.0438510061380373,2555.18,2550.48,0.0018394007467184307,0,0.005346003021313567
p2c,S4_multi_node,fixed_isolation,4,46,17.388428926467896,128626,0.019396417353919778,0.01870955788777451,0.031966543971673644,0.038121945299055326,0.045030853034277674,0.0545270056315772,2.037565266251725,2572.52,2572.42,3.8872389719030366e-05,0,0.0
p2c,S4_multi_node,adaptive,1,43,17.143969774246216,127835,0.019084443474920706,0.018485794918497334,0.03116448432575218,0.03755422816557584,0.043018267428062966,0.05037204465115508,2.03151816468537,2556.7,2556.68,7.82258379942895e-06,0,0.0
p2c,S4_multi_node,fixed_isolation,9,51,17.246199131011963,127316,0.018784304321163035,0.01820318429414769,0.030418592408165246,0.0374281068906253,0.04423249007850318,0.08901435863797325,2.056129646649702,2546.32,2545.68,0.0002513431147695498,0,0.0008011561783279399
p2c,S4_multi_node,fixed_isolation,7,49,17.27652668952942,128623,0.019168728265524577,0.018514379510193635,0.03116918761458862,0.03800105156094915,0.049568813415149196,0.11405674215627215,2.0525155347510595,2572.46,2570.04,0.0009407337723424271,11,0.004291611920107601
p2c,S4_multi_node,adaptive,0,42,17.318897008895874,128574,0.019386755236093286,0.018679074020619524,0.032152871382525025,0.03842986713602194,0.04587123003736718,0.05743183138640262,2.0573753866813655,2571.48,2571.34,5.44433555773329e-05,7,0.0
p2c,S4_multi_node,adaptive,2,44,17.326805114746094,128086,0.019049957991638933,0.018484155596983243,0.03060484335532676,0.0372037674353308,0.042944111470373206,0.0534838878866708,2.012738274146683,2561.72,2561.7,7.80725450088222e-06,11,0.0
p2c,S4_multi_node,fixed_isolation,8,50,17.523345708847046,128164,0.019183898514695753,0.01858262901026464,0.03126913699132846,0.03763329699379297,0.04255042535107532,0.049896663254905604,2.025186908322022,2563.28,2563.28,0.0,4,0.0
p2c,S4_multi_node,adaptive,5,47,17.393632650375366,127601,0.01891051906073991,0.018145414901852064,0.03072184690037716,0.03842455847303938,0.08673359411245261,0.14708636861048596,2.117590514236049,2552.02,2542.62,0.0036833567135053803,0,0.0067946175970407755
p2c,S4_multi_node,adaptive,3,45,17.503647804260254,127759,0.01880715283632918,0.01823880744696993,0.030000000000001137,0.037277404951247414,0.06053704320462887,0.1307933445854843,2.0438510061380373,2555.18,2550.48,0.0018394007467184307,0,0.005346003021313567
p2c,S4_multi_node,adaptive,4,46,17.452110290527344,128626,0.019396417353919778,0.01870955788777451,0.031966543971673644,0.038121945299055326,0.045030853034277674,0.0545270056315772,2.037565266251725,2572.52,2572.42,3.8872389719030366e-05,0,0.0
p2c,S4_multi_node,adaptive,6,48,17.195969820022583,127646,0.018760951312990545,0.01823494139106785,0.0300558942909106,0.03698288368664748,0.04181889923270198,0.050636057750807595,2.028132851842511,2552.92,2552.9,7.834166366356956e-06,0,0.0
p2c,S4_multi_node,adaptive,7,49,17.0986008644104,128623,0.019168728265524577,0.018514379510193635,0.03116918761458862,0.03800105156094915,0.049568813415149196,0.11405674215627215,2.0525155347510595,2572.46,2570.04,0.0009407337723424271,11,0.004291611920107601
p2c,S4_multi_node,adaptive,9,51,17.164359092712402,127316,0.018784304321163035,0.01820318429414769,0.030418592408165246,0.0374281068906253,0.04423249007850318,0.08901435863797325,2.056129646649702,2546.32,2545.68,0.0002513431147695498,0,0.0008011561783279399
p2c,S6_cascade,no_mitigation,0,42,17.315945625305176,128648,0.018667987619062125,0.01614737302081437,0.02929408886164939,0.1285054788176681,0.18771346384231316,0.2461732363381408,7.958290097839525,2572.96,2521.86,0.019860394254088677,0,0.04296996455444313
p2c,S6_cascade,no_mitigation,1,43,16.906298637390137,127808,0.018597713877780798,0.016084807916392663,0.02917891401115805,0.12637524934834563,0.19060748544036182,0.26646223256608437,7.8568081139191985,2556.16,2505.04,0.019998748122183274,0,0.04318978467701552
p2c,S4_multi_node,adaptive,8,50,17.618656873703003,128164,0.019183898514695753,0.01858262901026464,0.03126913699132846,0.03763329699379297,0.04255042535107532,0.049896663254905604,2.025186908322022,2563.28,2563.28,0.0,4,0.0
p2c,S6_cascade,no_mitigation,2,44,17.042426586151123,127715,0.018459236326332007,0.015985663199252542,0.028963677504955144,0.12616074781549233,0.18677696338542718,0.24028500159090527,7.892118471593431,2554.3,2503.06,0.020060290490545356,0,0.04352660220021141
p2c,S6_cascade,no_mitigation,3,45,17.048141956329346,128271,0.01861111079375777,0.01610279172631124,0.029097579412129093,0.12735957344183133,0.19013946889734318,0.24634586570049422,7.909161070110067,2565.42,2513.78,0.020129257587451568,0,0.043104053137497954
p2c,S6_cascade,no_mitigation,5,47,17.08246088027954,127802,0.018573134883865312,0.016038172490441482,0.02913421485383125,0.12911571309831993,0.1882337112172471,0.23363635415582706,8.050525281185934,2556.04,2505.04,0.019952739393749707,0,0.04315268931628613
p2c,S6_cascade,no_mitigation,9,51,16.945796728134155,127369,0.018353694035575636,0.01587280849297379,0.02890259571244795,0.12546918458879683,0.18700959522685523,0.24586157822425037,7.904661903048641,2547.38,2496.18,0.020099082194254488,0,0.04328368755348633
p2c,S6_cascade,no_mitigation,6,48,17.20918345451355,127260,0.018347745483001457,0.015875084475520218,0.028873059194698666,0.12344231839765005,0.18710497608460694,0.24115338556620003,7.775852694705419,2545.2,2494.06,0.020092723558070093,0,0.04317931793179318
p2c,S6_cascade,no_mitigation,4,46,17.493937969207764,128528,0.01864660651726465,0.016215839264035026,0.02922955255216397,0.12538426920217782,0.18770273004448568,0.23919700293244262,7.732209672321219,2570.56,2519.64,0.01980891323291423,0,0.04325905639238143
p2c,S6_cascade,no_mitigation,7,49,17.442906141281128,128527,0.018666703709989237,0.01618493371063323,0.029165733406882485,0.1277214085344386,0.18800399054258163,0.24343815051548745,7.8913766851283285,2570.54,2519.14,0.019995798548164977,0,0.043010418044457585
p2c,S6_cascade,no_mitigation,8,50,17.489538431167603,128205,0.018702441279172595,0.016147790898266123,0.02925718102148238,0.12910550743203222,0.1903214308066737,0.24951636501622687,7.995242708146226,2564.1,2512.8,0.020007020007020006,0,0.042783042783042784
p2c,S6_cascade,fixed_isolation,1,43,17.43914484977722,127915,0.016644622045204772,0.01617929656588224,0.027968139051107944,0.033002163081701646,0.03972305771899674,0.15684855496168737,2.039777375197775,2558.3,2557.18,0.0004377907204002658,0,0.02327326740413556
p2c,S6_cascade,fixed_isolation,3,45,17.37559700012207,127875,0.016671617574823872,0.016232737626637572,0.027993049245721824,0.032889177971940596,0.03904295348932666,0.19016930766246176,2.0261017413335236,2557.5,2556.4,0.00043010752688172043,0,0.023210166177908113
p2c,S6_cascade,fixed_isolation,4,46,17.59035611152649,127923,0.016647529632630918,0.01615356255129541,0.027998942584609308,0.033302808490567055,0.039703309199878224,0.18464877564318982,2.0616386252143735,2558.46,2557.36,0.00042994613947452764,0,0.023092016291050083
p2c,S6_cascade,fixed_isolation,2,44,17.66309905052185,127946,0.01658225685947257,0.01615333112316719,0.027768569564726064,0.032356525522297744,0.039291272535427336,0.19017456036906566,2.0030868726446056,2558.92,2557.94,0.0003829740671845935,0,0.02335360230097072
p2c,S6_cascade,fixed_isolation,0,42,17.96356511116028,128934,0.016790925660427992,0.016339204559395526,0.028117465844465696,0.03346155916561248,0.039618704523296584,0.16346914972554316,2.047930732733932,2578.68,2577.58,0.00042657483673817613,0,0.02316689158794422
p2c,S6_cascade,fixed_isolation,5,47,17.904242753982544,128123,0.01669431254161434,0.016230154429266008,0.02804772032765612,0.03292726447595512,0.03932736778026675,0.18096897148709346,2.028770867181713,2562.46,2561.42,0.0004058599939121001,0,0.02323548465146773
lor,S2_progressive,no_mitigation,0,42,5.800534009933472,127634,0.011833049411519971,0.009999999999999787,0.018580269198680454,0.08332462716463897,0.09973512534612296,0.09999716747790544,8.332462716464075,2552.68,2514.26,0.015050848519986837,0,0.01563063133647774
lor,S2_progressive,no_mitigation,1,43,5.758159160614014,128295,0.011896079905845272,0.009999999999999787,0.018811630935851295,0.08448013457016361,0.09977915488476945,0.14915234058467775,8.448013457016541,2565.9,2527.58,0.014934331033945205,0,0.015542304844304142
lor,S2_progressive,no_mitigation,2,44,5.798203229904175,128244,0.011895280867429761,0.009999999999999787,0.018765331155374102,0.08457636508223178,0.09975570351026954,0.09999733867116589,8.457636508223358,2564.88,2526.48,0.014971460653129971,0,0.01555628333489286
lor,S2_progressive,no_mitigation,3,45,5.763941764831543,127606,0.01183955884377678,0.009999999999999787,0.018627973727752156,0.08460080618059924,0.0996961458294695,0.09999797018631895,8.460080618060104,2552.12,2514.04,0.014920928482986694,0,0.01564973433851073
lor,S2_progressive,no_mitigation,4,46,6.057340383529663,127926,0.011826260299910813,0.009999999999999787,0.01852917871241999,0.0830358658055168,0.0996786242170055,0.0999990135542248,8.303586580551858,2558.52,2520.26,0.014953957756828166,0,0.015594953332395292
lor,S2_progressive,no_mitigation,5,47,6.360877752304077,128487,0.011868694571049929,0.009999999999999787,0.01875476020365454,0.08545585944810453,0.09975515942495111,0.09999924370114144,8.545585944810636,2569.74,2531.58,0.014849751336711106,0,0.015526862639800135
lor,S2_progressive,no_mitigation,6,48,6.177078485488892,127902,0.011869712796468129,0.009999999999999787,0.018701254559387512,0.0841481309136713,0.09976589516075889,0.09999929200650115,8.41481309136731,2558.04,2520.0,0.014870760425951118,0,0.015597879626589107
lor,S2_progressive,no_mitigation,7,49,6.316152811050415,128484,0.011913936120903171,0.009999999999999787,0.018798093562628182,0.08489861943290732,0.09978287795744097,0.09999899335678464,8.489861943290913,2569.68,2531.32,0.01492792876934093,0,0.015527225179788924
lor,S2_progressive,no_mitigation,8,50,6.278567790985107,127360,0.011818325062005655,0.009999999999999787,0.018555237619135474,0.08397306230612206,0.09973367928301134,0.09999945898563567,8.397306230612385,2547.2,2509.34,0.014863379396984925,0,0.01566425879396985
lor,S2_progressive,no_mitigation,9,51,6.247835159301758,127960,0.011853507821867875,0.009999999999999787,0.018623691666339138,0.08465047149057997,0.09974888525579606,0.09999964571350617,8.465047149058178,2559.2,2521.2,0.014848390121913097,0,0.015598624570178181
p2c,S6_cascade,fixed_isolation,6,48,17.205551624298096,127374,0.016482247101770372,0.016014601963423303,0.027732147542932847,0.03238185451889264,0.03901634937658067,0.16386926721364148,2.022020565534596,2547.48,2546.4,0.0004239483725093033,0,0.023183695259629124
p2c,S6_cascade,fixed_isolation,7,49,17.313934087753296,128046,0.01663176350348569,0.01613829693062918,0.02795484721680097,0.0328316583689402,0.039511255850623844,0.1779372021663086,2.0343942430894533,2560.92,2559.82,0.0004295331365290599,0,0.023249457226309295
p2c,S6_cascade,fixed_isolation,8,50,17.4318687915802,128426,0.01688171573473786,0.016427879299676817,0.02830918012064121,0.03379313602629708,0.039491712368361256,0.1472527271010513,2.0570601603435135,2568.52,2567.44,0.00042047560462834627,0,0.023149518010371732
p2c,S6_cascade,adaptive,2,44,17.178715229034424,127946,0.01658225685947257,0.01615333112316719,0.027768569564726064,0.032356525522297744,0.039291272535427336,0.19017456036906566,2.0030868726446056,2558.92,2557.94,0.0003829740671845935,0,0.02335360230097072
p2c,S6_cascade,adaptive,3,45,17.141419172286987,127875,0.016671617574823872,0.016232737626637572,0.027993049245721824,0.032889177971940596,0.03904295348932666,0.19016930766246176,2.0261017413335236,2557.5,2556.4,0.00043010752688172043,0,0.023210166177908113
p2c,S6_cascade,adaptive,1,43,17.299272537231445,127915,0.016644622045204772,0.01617929656588224,0.027968139051107944,0.033002163081701646,0.03972305771899674,0.15684855496168737,2.039777375197775,2558.3,2557.18,0.0004377907204002658,0,0.02327326740413556
p2c,S6_cascade,adaptive,0,42,17.38595724105835,128934,0.016790925660427992,0.016339204559395526,0.028117465844465696,0.03346155916561248,0.039618704523296584,0.16346914972554316,2.047930732733932,2578.68,2577.58,0.00042657483673817613,0,0.02316689158794422
p2c,S6_cascade,adaptive,4,46,17.379257440567017,127923,0.016647529632630918,0.01615356255129541,0.027998942584609308,0.033302808490567055,0.039703309199878224,0.18464877564318982,2.0616386252143735,2558.46,2557.36,0.00042994613947452764,0,0.023092016291050083
p2c,S6_cascade,adaptive,5,47,17.351165294647217,128123,0.01669431254161434,0.016230154429266008,0.02804772032765612,0.03292726447595512,0.03932736778026675,0.18096897148709346,2.028770867181713,2562.46,2561.42,0.0004058599939121001,0,0.02323548465146773
p2c,S6_cascade,fixed_isolation,9,51,17.885042190551758,127369,0.0164734065025601,0.01604092359759335,0.02765071098001925,0.031516204008012166,0.038536543617959954,0.17223422712673297,1.9647374925930452,2547.38,2546.44,0.000369006587160141,0,0.023153200543303314
p2c,S6_cascade,adaptive,6,48,17.356990098953247,127374,0.016482247101770372,0.016014601963423303,0.027732147542932847,0.03238185451889264,0.03901634937658067,0.16386926721364148,2.022020565534596,2547.48,2546.4,0.0004239483725093033,0,0.023183695259629124
p2c,S6_cascade,adaptive,8,50,17.264731884002686,128426,0.01688171573473786,0.016427879299676817,0.02830918012064121,0.03379313602629708,0.039491712368361256,0.1472527271010513,2.0570601603435135,2568.52,2567.44,0.00042047560462834627,0,0.023149518010371732
p2c,S6_cascade,adaptive,7,49,17.426076650619507,128046,0.01663176350348569,0.01613829693062918,0.02795484721680097,0.0328316583689402,0.039511255850623844,0.1779372021663086,2.0343942430894533,2560.92,2559.82,0.0004295331365290599,0,0.023249457226309295
p2c,S6_cascade,adaptive,9,51,17.490673303604126,127369,0.0164734065025601,0.01604092359759335,0.02765071098001925,0.031516204008012166,0.038536543617959954,0.17223422712673297,1.9647374925930452,2547.38,2546.44,0.000369006587160141,0,0.023153200543303314
lor,S2_progressive,fixed_isolation,0,42,6.147375106811523,127637,0.011146842526696416,0.009999999999999787,0.01908274755640065,0.0198993953265348,0.019995383224417938,0.029953399521534863,1.9899395326535223,2552.74,2552.74,0.0,0,0.0
lor,S2_progressive,fixed_isolation,3,45,6.06952691078186,127609,0.011144864968809193,0.009999999999999787,0.019078395544845243,0.019893207405995667,0.019996735858657105,0.029994052786392444,1.9893207405996092,2552.18,2552.18,0.0,0,0.0
lor,S2_progressive,fixed_isolation,2,44,6.114674091339111,128247,0.011217395843483469,0.009999999999999787,0.019140351427766687,0.01989796975701459,0.01999110035586655,0.02986886382743137,1.9897969757015015,2564.94,2564.94,0.0,0,0.0
lor,S2_progressive,fixed_isolation,1,43,6.383902072906494,128297,0.011009465317041271,0.009999999999999787,0.018803377911587305,0.019882900395025303,0.019998128076509206,0.029964295129097707,1.9882900395025727,2565.94,2565.94,0.0,0,0.0
lor,S2_progressive,fixed_isolation,4,46,6.2594451904296875,127929,0.011147813314455472,0.009999999999999787,0.01906388233281362,0.01988825882717265,0.019990054701871204,0.027769031823851265,1.9888258827173073,2558.58,2558.58,0.0,0,0.0
lor,S2_progressive,fixed_isolation,5,47,6.120618581771851,128488,0.012436000689920314,0.009999999999999787,0.019848950257732412,0.027624706492842644,0.029920947783737887,0.03976588208193732,2.762470649284323,2569.76,2569.76,0.0,0,0.0
lor,S2_progressive,fixed_isolation,6,48,6.565189838409424,127905,0.011183318981354795,0.009999999999999787,0.019117038037077802,0.019890030125554146,0.01998982167992651,0.026746143569251757,1.989003012555457,2558.1,2558.1,0.0,0,0.0
lor,S2_progressive,fixed_isolation,8,50,6.286955118179321,127362,0.011101873288760836,0.009999999999999787,0.018973290705864086,0.019888353347138475,0.01999041207306255,0.026518007883048256,1.9888353347138898,2547.24,2547.24,0.0,0,0.0
lor,S2_progressive,fixed_isolation,7,49,6.375509977340698,128486,0.011025034270078227,0.009999999999999787,0.018814257145228996,0.019864835037360605,0.01998705366317429,0.01999987513433865,1.9864835037361028,2569.72,2569.72,0.0,0,0.0
lor,S2_progressive,fixed_isolation,9,51,6.396294832229614,127964,0.011181989073644797,0.009999999999999787,0.019106460239153477,0.01989817897227361,0.01999305464648543,0.029851013400172377,1.9898178972274037,2559.28,2559.28,0.0,0,0.0
lor,S2_progressive,adaptive,1,43,6.440505743026733,128297,0.011091123310326434,0.009999999999999787,0.01896841138634073,0.019892589787347675,0.019998284047681582,0.029964295129097707,1.9892589787348098,2565.94,2565.94,0.0,1992,0.0
lor,S2_progressive,adaptive,0,42,6.71463680267334,127637,0.011038584514078555,0.009999999999999787,0.018870252027403465,0.019875160944311288,0.019987712214522134,0.029415320270320677,1.9875160944311712,2552.74,2552.74,0.0,1736,0.0
lor,S2_progressive,adaptive,2,44,6.611565589904785,128246,0.01141466193970517,0.009999999999999787,0.01937386367257865,0.019918011613825472,0.019993553639705085,0.029170335846281148,1.9918011613825897,2564.92,2564.92,0.0,1570,0.0
lor,S2_progressive,adaptive,5,47,6.425352096557617,128488,0.011100595935506106,0.009999999999999787,0.01904349400002179,0.019887706317741324,0.01998998430620349,0.021980196300930288,1.988770631774175,2569.76,2569.76,0.0,2236,0.0
lor,S2_progressive,adaptive,4,46,6.637526035308838,127929,0.011112035272080887,0.009999999999999787,0.018999618130416705,0.01988287875383662,0.019989566890523412,0.01999985207196886,1.9882878753837046,2558.58,2558.58,0.0,2945,0.0
lor,S2_progressive,adaptive,3,45,6.760405778884888,127609,0.011092669233381312,0.009999999999999787,0.019002408797381066,0.01988656134091812,0.01999387062982106,0.029961179087255374,1.9886561340918545,2552.18,2552.18,0.0,2654,0.0
lor,S2_progressive,adaptive,6,48,6.737149238586426,127905,0.011114550736433568,0.009999999999999787,0.01898329778229026,0.019879740551117776,0.019989904712421947,0.02989468487371738,1.98797405511182,2558.1,2558.1,0.0,2336,0.0
lor,S2_progressive,adaptive,7,49,6.665340900421143,128487,0.011072644851465405,0.009999999999999787,0.01891529068398441,0.019876843195940665,0.019989173765195992,0.01999987513433865,1.9876843195941087,2569.74,2569.74,0.0,1629,0.0
lor,S2_progressive,adaptive,8,50,6.652791500091553,127362,0.011089413558223071,0.009999999999999787,0.018983398269099182,0.019889614113687237,0.01999383978723209,0.029983726611426675,1.9889614113687661,2547.24,2547.24,0.0,3150,0.0
lor,S4_multi_node,no_mitigation,0,42,5.972980976104736,127632,0.012929463918002239,0.009999999999999787,0.030000000000001137,0.05911228508103676,0.05995475530008108,0.08997345927932798,5.911228508103802,2552.64,2470.32,0.03224896577660775,0,0.05211859094897831
lor,S4_multi_node,no_mitigation,2,44,5.980124473571777,128242,0.013047281208105468,0.009999999999999787,0.030000000000001137,0.05922567290038449,0.059960981616250596,0.0862245804787598,5.922567290038575,2564.84,2479.42,0.033304221705837404,0,0.0518472887197642
lor,S4_multi_node,no_mitigation,1,43,6.037631273269653,128291,0.013053756825751552,0.009999999999999787,0.030000000000001137,0.059226484763923545,0.05997084234979799,0.08991421749717432,5.922648476392481,2565.82,2479.72,0.033556523840331746,0,0.05182748594991075
lor,S2_progressive,adaptive,9,51,6.4782538414001465,127964,0.011086624235034459,0.009999999999999787,0.018928137639499455,0.019873511901107647,0.019989414993215965,0.029221319201390372,1.987351190110807,2559.28,2559.28,0.0,2639,0.0
lor,S4_multi_node,no_mitigation,3,45,5.894856691360474,127605,0.01294338476667568,0.009999999999999787,0.030000000000001137,0.05910660117508598,0.059957543062122566,0.08974552788636103,5.9106601175087246,2552.1,2469.26,0.03245954312135105,0,0.05212961874534697
lor,S4_multi_node,no_mitigation,4,46,5.992172479629517,127924,0.012956756123088735,0.009999999999999787,0.030000000000001137,0.059139272739725614,0.05995549668524728,0.08102229902383584,5.913927273972687,2558.48,2475.06,0.03260529689503142,0,0.0519761733529283
lor,S4_multi_node,no_mitigation,5,47,5.784431457519531,128485,0.01301184608449283,0.009999999999999787,0.030000000000001137,0.05921471253508912,0.05995883985663724,0.06690331793625859,5.921471253509038,2569.7,2484.16,0.033287932443475894,0,0.05174923142779313
lor,S4_multi_node,no_mitigation,7,49,5.808345556259155,128484,0.013066993671619176,0.009999999999999787,0.030000000000001137,0.05921889478288815,0.05995908734042223,0.08643967351539672,5.921889478288941,2569.68,2483.24,0.03363842968774322,0,0.05175741726596308
lor,S4_multi_node,no_mitigation,6,48,5.970717191696167,127901,0.013005827111268081,0.009999999999999787,0.030000000000001137,0.05919347613599513,0.059955025650516115,0.07919857034031708,5.919347613599639,2558.02,2473.56,0.033017724646406205,0,0.05198552005066419
lor,S4_multi_node,no_mitigation,9,51,5.8164262771606445,127959,0.012972862940436841,0.009999999999999787,0.030000000000001137,0.05909793283778796,0.05994434606113839,0.08948820070163777,5.909793283778923,2559.18,2474.34,0.03315124375776616,0,0.051977586570698425
lor,S4_multi_node,no_mitigation,8,50,5.961205005645752,127360,0.012885530969701159,0.009999999999999787,0.030000000000001137,0.058992604119896125,0.05995299967393871,0.08628551136042972,5.899260411989738,2547.2,2466.3,0.03176036432160804,0,0.05219064070351759
lor,S4_multi_node,fixed_isolation,0,42,6.060781002044678,127633,0.012981934142561635,0.010000000000001563,0.019863290682987866,0.026599444625097945,0.029949097325768396,0.03994119556151787,2.6599444625093787,2552.66,2552.66,0.0,0,0.0
lor,S4_multi_node,fixed_isolation,1,43,6.0211265087127686,128296,0.012551645729634003,0.010000000000001563,0.019803010448371516,0.019994026118454043,0.029935946798489346,0.0399917633943474,1.9994026118450918,2565.92,2565.92,0.0,25,0.0
lor,S4_multi_node,fixed_isolation,3,45,6.014087200164795,127606,0.012364963680576442,0.010000000000001563,0.01975337591994064,0.019974994079440124,0.029587344753212143,0.037753631542162935,1.9974994079437,2552.12,2552.12,0.0,24,0.0
lor,S4_multi_node,fixed_isolation,4,46,6.003583908081055,127929,0.012442755575910791,0.010000000000001563,0.019772364323610247,0.01997975246600305,0.029560918414533177,0.0299972857501416,1.9979752465999925,2558.58,2558.58,0.0,0,0.0
lor,S4_multi_node,fixed_isolation,2,44,6.1262078285217285,128243,0.013236019283679665,0.010000000000001563,0.019884248104826873,0.058906613095684436,0.059977462912405084,0.08997765683852776,5.890661309567522,2564.86,2510.96,0.021014792230375147,0,0.02594293645657073
lor,S4_multi_node,fixed_isolation,5,47,6.0166015625,128486,0.23791656678505105,0.18995896927399514,0.6491853504267979,0.7197701933550649,0.7397902602579252,0.7497632232554174,3.789082432411363,2569.72,1174.08,0.5431097551484209,32,0.0
lor,S4_multi_node,fixed_isolation,6,48,5.998263835906982,127903,0.013121224949023975,0.010000000000001563,0.0198634167494502,0.05350963966373639,0.05995730611607474,0.0899909303236548,5.350963966372802,2558.06,2529.9,0.011008342259368427,0,0.01301767745869917
lor,S4_multi_node,fixed_isolation,7,49,6.119746923446655,128485,0.012674648724285885,0.010000000000001563,0.01979692857794788,0.05210039067074433,0.0599232884666388,0.0899845315709058,5.210039067073619,2569.7,2542.74,0.010491497061913843,0,0.012950928123905515
lor,S4_multi_node,fixed_isolation,8,50,6.146634101867676,127362,0.012878899422355684,0.010000000000001563,0.01983196802821041,0.01999306221587631,0.029588652961664963,0.02999911934404409,1.9993062215873183,2547.24,2547.24,0.0,27,0.0
lor,S4_multi_node,fixed_isolation,9,51,6.195704460144043,127960,0.013137505648534045,0.010000000000001563,0.0198692658075565,0.0533723140758816,0.059943816773793575,0.11947635353221742,5.337231407587326,2559.2,2531.54,0.01080806502031885,0,0.013011878712097531
lor,S4_multi_node,adaptive,0,42,6.379463195800781,127631,0.01268700115817445,0.009999999999999787,0.019839224923327237,0.058681533590161185,0.05995249714887106,0.08941006579252786,5.868153359016244,2552.62,2492.2,0.02366979808980577,401,0.03365169903863482
lor,S4_multi_node,adaptive,1,43,6.316335439682007,128296,0.012645025166580646,0.010000000000001563,0.019803763237277394,0.05589633441169202,0.05993854721777209,0.11973300152742183,5.589633441168329,2565.92,2532.3,0.013102512938828957,767,0.016602232337719024
lor,S4_multi_node,adaptive,2,44,6.22861909866333,128242,0.013048256722867217,0.009999999999999787,0.030000000000001137,0.05918652015596937,0.05995299354754082,0.08226073016789925,5.918652015597063,2564.84,2477.98,0.03386566023611609,565,0.0518472887197642
lor,S4_multi_node,adaptive,3,45,6.276074647903442,127606,0.012363682282996826,0.010000000000001563,0.019753077327412605,0.01997481452913128,0.029587344753212143,0.037753631542162935,1.9974814529128158,2552.12,2552.12,0.0,493,0.0
lor,S4_multi_node,adaptive,4,46,6.263461589813232,127929,0.012489302998771658,0.010000000000001563,0.0197762384202953,0.023211290180540276,0.05964440596821303,0.08911988401631987,2.321129018053665,2558.58,2547.6,0.004291442909738995,513,0.005987696300291568
lor,S4_multi_node,adaptive,5,47,6.41269588470459,128484,0.012864723853735195,0.009999999999999787,0.019885431020445665,0.05907538636913394,0.05996036240012902,0.0867217162520717,5.90753863691352,2569.68,2498.54,0.027684380934591076,811,0.038821954484605084
lor,S4_multi_node,adaptive,6,48,6.453083753585815,127901,0.01284769897837054,0.009999999999999787,0.01988802824486413,0.05895165581387474,0.05994773370809057,0.08914784531782516,5.895165581387599,2558.02,2488.22,0.02728672957990946,506,0.0389989132219451
lor,S4_multi_node,adaptive,7,49,6.416574001312256,128482,0.012912990325993114,0.009999999999999787,0.019891632623977352,0.05896427534155883,0.05994471672345409,0.0853808546421746,5.896427534156009,2569.64,2499.16,0.02742796656340966,664,0.038838125184850796
lor,S4_multi_node,adaptive,8,50,6.394931793212891,127361,0.01271220061737489,0.009999999999999787,0.01987583154913608,0.0588882051775883,0.059950696097990745,0.08942423564879931,5.888820517758956,2547.22,2479.66,0.026523032953572914,640,0.03928989251026609
lor,S6_cascade,no_mitigation,0,42,5.998708248138428,127634,0.012034134153284609,0.009999999999999787,0.019069541319623417,0.08217597851132494,0.09974345283536566,0.09999862119024527,8.21759785113267,2552.68,2508.6,0.017268126047918265,0,0.0474089976025197
lor,S6_cascade,no_mitigation,2,44,5.962695121765137,128243,0.01213210398287157,0.009999999999999787,0.019219285686071074,0.08498713327570527,0.09979719498364262,0.09999774908980363,8.498713327570709,2564.86,2519.8,0.017568210350662413,0,0.047176064190638085
lor,S6_cascade,no_mitigation,1,43,6.0261390209198,128293,0.012105489256115223,0.009999999999999787,0.01917574764282435,0.08331713323070561,0.09973704182562655,0.14930034894810262,8.331713323070739,2565.86,2520.76,0.01757695275658064,0,0.047173267442494914
lor,S6_cascade,no_mitigation,3,45,6.004799127578735,127606,0.012038781101278156,0.009999999999999787,0.01904585893037858,0.08267731991666356,0.09974500536174764,0.12540433517195027,8.267731991666533,2552.12,2507.5,0.01748350391047443,0,0.04744291020798395
lor,S4_multi_node,adaptive,9,51,6.450080156326294,127959,0.012972862940436841,0.009999999999999787,0.030000000000001137,0.05909793283778796,0.05994434606113839,0.08948820070163777,5.909793283778923,2559.18,2474.34,0.03315124375776616,871,0.051977586570698425
lor,S6_cascade,no_mitigation,4,46,5.906462907791138,127926,0.012058105628867395,0.009999999999999787,0.019078468569062146,0.08340279618540869,0.0997794987627008,0.14950038296325374,8.340279618541047,2558.52,2513.28,0.017682097462595563,0,0.04730078326532527
lor,S6_cascade,no_mitigation,5,47,5.985195875167847,128485,0.012103765568118928,0.009999999999999787,0.019191265828244753,0.08381661081461443,0.0997861466458187,0.09999475876293218,8.381661081461623,2569.7,2523.94,0.017807526170370083,0,0.04708720862357474
lor,S6_cascade,no_mitigation,6,48,5.991454362869263,127901,0.012088239701926635,0.009999999999999787,0.019115637645171546,0.08379575269743356,0.09974628375932898,0.09999903393154597,8.379575269743535,2558.02,2513.52,0.01739626742558698,0,0.047325665944754146
lor,S6_cascade,no_mitigation,7,49,5.922418832778931,128483,0.01213293907480812,0.009999999999999787,0.019226487837411807,0.08372773522283745,0.09977581170635354,0.13251314480118737,8.372773522283923,2569.66,2524.98,0.017387514301502923,0,0.047142423511281645
lor,S6_cascade,no_mitigation,8,50,5.9047935009002686,127360,0.012012371663877332,0.009999999999999787,0.019020162682514295,0.08164280048280502,0.09970566946178781,0.14951994824681947,8.164280048280675,2547.2,2503.54,0.01714038944723618,0,0.04747958542713568
lor,S6_cascade,no_mitigation,9,51,5.98852276802063,127960,0.012062023169080354,0.009999999999999787,0.019059579039890192,0.08321776970892351,0.0997627193425339,0.09999918244384531,8.321776970892529,2559.2,2514.88,0.01731791184745233,0,0.0473429196623945
lor,S6_cascade,fixed_isolation,0,42,6.2200140953063965,127635,0.011326647311522775,0.009999999999999787,0.019286139937231894,0.0199167965195846,0.019999588929278573,0.09985498812398674,1.9916796519585027,2552.7,2551.86,0.0003290633446938536,0,0.027437615074235124
lor,S6_cascade,fixed_isolation,1,43,6.36177134513855,128296,0.01122280211826689,0.009999999999999787,0.019165823242135893,0.019916232447943116,0.027940693345661266,0.09950492585787885,1.991623244794354,2565.92,2564.96,0.0003741348132443724,0,0.027210513188252166
lor,S6_cascade,fixed_isolation,2,44,6.202747821807861,128245,0.011425844750023293,0.009999999999999787,0.01936590979803938,0.019920505246742267,0.0199975523583592,0.09985355251025041,1.9920505246742692,2564.9,2563.94,0.00037428359780108386,0,0.027314905064524934
lor,S6_cascade,fixed_isolation,3,45,5.9479734897613525,127608,0.011576009975107483,0.009999999999999787,0.01949540010462982,0.019936359236137697,0.0262828631545999,0.0996839688644684,1.9936359236138121,2552.16,2551.3,0.00033696946899880887,0,0.02756880446366999
lor,S6_cascade,fixed_isolation,4,46,5.908376932144165,127929,0.011333072374723821,0.009999999999999787,0.019273259283001207,0.01991092168636726,0.019998983102023943,0.09996889159915767,1.9910921686367684,2558.58,2557.72,0.00033612394375004883,0,0.027358925654073742
lor,S6_cascade,fixed_isolation,5,47,5.9242753982543945,128487,0.012336201549592689,0.009999999999999787,0.019791636282445603,0.023406240822783298,0.02991836573863233,0.14985321437539412,2.3406240822783797,2569.74,2568.74,0.00038914442706266004,0,0.027481379439165052
lor,S6_cascade,fixed_isolation,6,48,6.0208516120910645,127905,0.011395205025332372,0.009999999999999787,0.019328689275647546,0.01991647214161702,0.01999891032987506,0.0997868302068241,1.9916472141617445,2558.1,2556.6,0.0005863726984871585,0,0.027786247605644816
lor,S6_cascade,adaptive,2,44,5.53812050819397,128244,0.011871871008703799,0.010000000000001563,0.01964420545066261,0.019955599665557953,0.027943795321697735,0.09998110164390184,1.9955599665554835,2564.88,2563.9,0.0003820841520850878,1841,0.027213748791366458
lor,S6_cascade,fixed_isolation,8,50,5.900500297546387,127362,0.011274825601432061,0.009999999999999787,0.019218307288025382,0.019906842782313562,0.01999626465821462,0.09997620715171962,1.9906842782313987,2547.24,2546.26,0.0003847301392880137,0,0.027496427505849467
lor,S6_cascade,fixed_isolation,7,49,6.079474687576294,128486,0.011260345693121836,0.009999999999999787,0.019209844930541564,0.019905154462681197,0.019996990134599494,0.09996074911374109,1.990515446268162,2569.72,2568.74,0.0003813645066388556,0,0.027178058309854772
lor,S6_cascade,fixed_isolation,9,51,5.793903589248657,127963,0.011363600149652531,0.009999999999999787,0.01930539876604733,0.01991460797938295,0.019996264009850245,0.09995804210744552,1.9914607979383374,2559.26,2558.5,0.00029696084024288273,0,0.02741417440979033
lor,S6_cascade,adaptive,0,42,5.902976751327515,127635,0.011249333081885622,0.009999999999999787,0.01918596322328838,0.019907545803452463,0.019995178827484424,0.09985498812398674,1.9907545803452886,2552.7,2551.86,0.0003290633446938536,1982,0.027280918243428525
lor,S6_cascade,adaptive,1,43,5.92752742767334,128296,0.011328957782619649,0.009999999999999787,0.0192873736357404,0.019926915735573657,0.029183369997883676,0.09998329708984244,1.9926915735574082,2565.92,2564.96,0.0003741348132443724,2587,0.027109185009665148
lor,S6_cascade,adaptive,3,45,5.83893609046936,127608,0.011262174816643064,0.009999999999999787,0.019212434578111903,0.019908451931108608,0.019997721725526767,0.09946343313143302,1.9908451931109032,2552.16,2551.28,0.0003448059682778509,2652,0.027263180991787348
lor,S6_cascade,adaptive,4,46,5.83375096321106,127929,0.011317742120710924,0.009999999999999787,0.019262870741083304,0.019911250377556727,0.019999867871409664,0.09996426070759767,1.9911250377557153,2558.58,2557.52,0.00041429230276168814,2583,0.027265123623259776
lor,S6_cascade,adaptive,5,47,5.454288005828857,128487,0.0113384131174123,0.009999999999999787,0.019306055497676767,0.0199105832890659,0.019998090534157947,0.09979301467879509,1.9910583289066324,2569.74,2568.26,0.0005759337520527369,2335,0.027364636111046253
lor,S6_cascade,adaptive,6,48,5.371153354644775,127905,0.011320580844804265,0.009999999999999787,0.019261020022597105,0.019907448376431488,0.019998778798187004,0.09994684474393623,1.9907448376431913,2558.1,2556.38,0.0006723740275986083,2213,0.02765333646065439
lor,S6_cascade,adaptive,7,49,5.292557239532471,128486,0.011324651370496914,0.009999999999999787,0.01928565443959185,0.01991046879934011,0.019996990134599494,0.09993278039137365,1.9910468799340533,2569.72,2568.74,0.0003813645066388556,1895,0.027162492411624613
lor,S6_cascade,adaptive,8,50,5.141510963439941,127362,0.011259378184427443,0.009999999999999787,0.01923184769454824,0.019910703334779,0.01999980305413754,0.09984768666910426,1.9910703334779425,2547.24,2546.02,0.00047894976523609866,2790,0.02741005951539706
lor,S6_cascade,adaptive,9,51,4.913407802581787,127963,0.011282123077133738,0.009999999999999787,0.019222702473100383,0.019904187874863446,0.019994925032682204,0.09987553662887194,1.990418787486387,2559.26,2558.48,0.0003047755991966428,2205,0.02723443495385385
