load_factor,n_faults,fault_fraction,baseline,run_id,seed,elapsed_sec,total,avg_latency,p50_latency,p95_latency,p99_latency,p999_latency,max_latency,tail_ratio,throughput,goodput,slo_violation_rate,hedge_count,affected_ratio
0.7,2,0.0625,no_mitigation,0,26036,13.360275983810425,122244,0.015519383173046812,0.01169439062709543,0.02456681211946261,0.10535800475403559,0.1499169251576417,0.23782723054830512,9.009277021234896,2222.6181818181817,2183.018181818182,0.01781682536566212,0,0.01793953077451654
0.7,2,0.0625,no_mitigation,2,23977,13.628910064697266,123006,0.015616758774499953,0.011938246952181153,0.024653037144586776,0.10672486011399136,0.15029733498028316,0.22047254265115868,8.939743041124846,2236.4727272727273,2197.0545454545454,0.01762515649643107,0,0.01783652829943255
0.7,2,0.0625,no_mitigation,3,25552,13.62868881225586,122925,0.015634247571046186,0.011947834242374,0.024662414119883628,0.10919009002814868,0.14955437466909188,0.229568368301166,9.13890231594416,2235.0,2195.5272727272727,0.017661175513524505,0,0.017848281472442547
0.7,2,0.0625,no_mitigation,7,89562,13.651769638061523,123232,0.01560814684859905,0.011937434492695687,0.024783679900643733,0.10458779821254753,0.14933742285450474,0.2303751845135089,8.761329603655042,2240.581818181818,2201.109090909091,0.01761717735653077,0,0.01780381719034017
0.7,2,0.0625,no_mitigation,8,97560,13.70094084739685,123486,0.015618401659138994,0.011929213248365045,0.024687601291778716,0.10655197448678205,0.14950955660839482,0.19886364998230022,8.932020265576652,2245.2,2205.6181818181817,0.01762952885347327,0,0.01776719628135983
0.7,2,0.0625,no_mitigation,5,91621,13.752121686935425,123144,0.015610509526036058,0.011952658186716647,0.024716322929305787,0.10529731659820017,0.1495814242781574,0.19965135152742164,8.80953131540399,2238.981818181818,2199.418181818182,0.017670369648541545,0,0.017832781134281817
0.7,2,0.0625,no_mitigation,1,29214,13.86438798904419,123422,0.01564526724134901,0.012011688687080024,0.0247473925374333,0.10823696977539048,0.1498982889450977,0.21276617915467888,9.010970280291396,2244.0363636363636,2204.309090909091,0.017703488843156,0,0.017792613958613538
0.7,2,0.0625,no_mitigation,6,87987,13.858440399169922,123335,0.015695803992671006,0.012071827053173223,0.024986818146251717,0.10748248299755533,0.15140292194172636,0.22976809727942538,8.9035804211014,2242.4545454545455,2202.7454545454543,0.017707868812583613,0,0.017813272793610897
0.7,2,0.0625,adaptive,4,9717,14.067479848861694,122874,0.013853902421129516,0.01177251856347894,0.022607622347024035,0.02774019903126363,0.03264768735773687,0.17005198025668733,2.356352116302463,2234.072727272727,2233.3454545454547,0.00032553672868141346,0,0.0003499519833325195
0.7,2,0.0625,adaptive,2,75786,14.125913143157959,123269,0.013838578485200523,0.011796564397528186,0.022443262758369893,0.02766962680637135,0.031851087792489234,0.1812723610694702,2.3455665458130466,2241.2545454545457,2240.509090909091,0.0003326059268753701,0,0.0003488306062351443
0.7,2,0.0625,adaptive,8,45707,14.087374448776245,122858,0.013797626228548828,0.011726738907444023,0.02229223945832785,0.027500929755638445,0.031098415520346603,0.1491374361778881,2.3451472717774173,2233.7818181818184,2233.090909090909,0.0003093001676732488,0,0.00036627651434989987
0.7,2,0.0625,adaptive,0,73727,14.139522314071655,123440,0.013864970007423585,0.01186426815866426,0.02249125120698604,0.027696742485881495,0.03210919149926023,0.16080176110451827,2.3344669991848646,2244.3636363636365,2243.6181818181817,0.0003321451717433571,0,0.000356448476992871
0.7,2,0.0625,adaptive,3,79420,14.174723148345947,123072,0.013796879953055934,0.011675738909305622,0.02234441957054951,0.02754263616419961,0.03115232432466446,0.16253919458166788,2.358963006807903,2237.672727272727,2236.927272727273,0.0003331383255330213,0,0.00035751430057202286
0.7,2,0.0625,adaptive,7,41415,14.17189359664917,123073,0.013796626561715304,0.011709569459267044,0.022259479247736635,0.027549078213175163,0.03137160048736632,0.17348776350845174,2.352697792092826,2237.690909090909,2236.981818181818,0.00031688510071258523,0,0.00034938613668310676
0.7,2,0.0625,adaptive,9,7484,14.207937002182007,124023,0.013889986835105013,0.011927250845090498,0.02260553938947112,0.02762033416925277,0.03191779996419459,0.1921359484014289,2.315733485275181,2254.9636363636364,2254.2181818181816,0.0003305838433193843,0,0.00034670988445691526
0.7,2,0.0625,adaptive,5,43474,14.308005809783936,123295,0.013858516046084658,0.011825365774246421,0.022593407962289546,0.027607438545395286,0.032158766052613516,0.18309008027427875,2.3345948930830924,2241.7272727272725,2241.018181818182,0.0003163145301918164,0,0.0003568676750882031
0.7,2,0.0625,adaptive,6,11776,14.366529703140259,123083,0.013775542104325151,0.01167131968592372,0.02214051640399965,0.02747311806795155,0.031220222034268854,0.18866802020930606,2.353899885124876,2237.8727272727274,2237.072727272727,0.00035748234930900284,0,0.00036560694815693473
0.7,2,0.0625,adaptive,1,77361,14.614080905914307,123349,0.013855779095197697,0.011825952159110642,0.0224807341719579,0.027646992410573435,0.031087384098881912,0.1955974951786068,2.337823799606221,2242.7090909090907,2241.909090909091,0.00035671144476242205,0,0.00037292560134253216
0.7,2,0.0625,no_mitigation,4,61570,14.541379690170288,123578,0.015679783827624645,0.012113169322223172,0.02490590899778055,0.10475534565241192,0.1535165493489139,0.20908361805296494,8.648054267698935,2246.8727272727274,2207.309090909091,0.017608312159122175,0,0.01773778504264513
0.7,2,0.0625,no_mitigation,9,55631,13.619956016540527,123398,0.0155999975944648,0.011941765898723311,0.02483497251783819,0.1029768765970236,0.14934627321466543,0.23237031715083134,8.623253668708479,2243.6,2204.0363636363636,0.017633997309518794,0,0.017763659054441727
0.7,4,0.125,adaptive,3,11966,13.776041030883789,122980,0.015758583654863663,0.015034013456246775,0.026811596232593965,0.030028224140323093,0.03932522029064053,0.18579271500930172,1.9973524852637456,2236.0,2234.509090909091,0.0006667750853797366,0,0.0007236949097414214
0.7,4,0.125,adaptive,1,54103,13.921066045761108,123293,0.015619096355563576,0.014897641834892283,0.02651108133017956,0.029831615119079943,0.0389924258831363,0.19250280689097465,2.002438738271334,2241.690909090909,2240.1272727272726,0.0006975254069574104,0,0.0007380792096874924
0.7,4,0.125,adaptive,0,50469,13.952828407287598,123541,0.015234483395593114,0.014334023451098687,0.025764895564130086,0.029428569347911094,0.03811202798256059,0.19658225511386007,2.053057150932415,2246.2,2244.6,0.0007123141305315644,0,0.0007527865243117669
0.7,4,0.125,adaptive,6,88518,13.771420001983643,123035,0.015645568582164655,0.014928756466069615,0.02657575435973758,0.029856694063879384,0.038577516307629865,0.1794130032401764,1.9999451482605597,2237.0,2235.4727272727273,0.0006827325557768115,0,0.0007152436298614215
0.7,4,0.125,adaptive,4,86459,13.938382863998413,123446,0.014915548521654776,0.013859503023999409,0.02515901074406912,0.029034705316780058,0.037194583519695394,0.19493896767881314,2.09493120110461,2244.4727272727273,2242.981818181818,0.0006642580561541079,0,0.0007209630121672634
0.7,4,0.125,no_mitigation,0,83677,13.71915078163147,123031,0.01906190903027701,0.013989094664850654,0.028931385517733332,0.14667865446612607,0.19209188184871567,0.24764772719330352,10.485214231530971,2236.927272727273,2157.2727272727275,0.03560891157513147,0,0.03572270403394266
0.7,4,0.125,no_mitigation,2,18382,13.660017728805542,123024,0.018885088785743874,0.013899827729430214,0.028700742170062993,0.14541683089652863,0.19105955702043642,0.2457585367375721,10.46177216920728,2236.8,2157.163636363636,0.03560280920795942,0,0.0357247366367538
0.7,4,0.125,adaptive,2,84400,14.098620891571045,123264,0.015183869842667414,0.01425243799874476,0.025680472460272507,0.029374272812986737,0.038029152508352156,0.2146998313705204,2.060999866519243,2241.163636363636,2239.6545454545453,0.0006733515057113188,0,0.0007058021806853582
0.7,4,0.125,adaptive,5,66732,13.995419263839722,123368,0.014915999315923176,0.01385101930934951,0.02515780658931774,0.02902816084631983,0.037712004619578576,0.19839344606939147,2.0957418510510393,2243.0545454545454,2241.490909090909,0.000697101355294728,0,0.0007295246741456455
0.7,4,0.125,no_mitigation,3,16807,13.689153671264648,123117,0.018921974543789338,0.013952802986409552,0.028851379815070643,0.14508583027061261,0.18927052285321333,0.24146907710499654,10.398328594758384,2238.490909090909,2158.836363636364,0.035584037947643296,0,0.03570587327501482
0.7,4,0.125,adaptive,7,32801,13.928869485855103,122876,0.015736935452853464,0.015040145173913277,0.02673515825021955,0.029974262923968542,0.03901676723720466,0.18988487285866196,1.992950372311438,2234.109090909091,2232.6,0.0006754777173736124,0,0.0007080308603795697
0.7,4,0.125,adaptive,8,22449,13.929076194763184,122881,0.01482557086823638,0.0137132117489287,0.024973979263227974,0.028930946794136502,0.03660350096594123,0.19300553841364732,2.109713415341715,2234.2,2232.6545454545453,0.0006917261415515825,0,0.0007242779599775393
0.7,4,0.125,no_mitigation,1,14748,13.9092435836792,123371,0.019079899777396055,0.014102618240539044,0.028923015719207967,0.1463388587343417,0.19144555396489196,0.24621615933011753,10.376715602616226,2243.109090909091,2163.4363636363637,0.035518882071151246,0,0.03564857219281679
0.7,4,0.125,adaptive,9,30742,13.97808837890625,123143,0.015240462482038171,0.014364241452483384,0.02582336765448083,0.029369686019085964,0.037503584543818365,0.19401277248346727,2.044638842659411,2238.9636363636364,2237.4727272727273,0.0006658924989646184,0,0.0007227369805835492
0.7,4,0.125,no_mitigation,4,20441,13.820287942886353,123543,0.019038760181111152,0.014057939794241747,0.028906339060224263,0.14600852173555456,0.19068758404894143,0.23214638167585377,10.386196261514856,2246.2363636363634,2166.6,0.03545324300041281,0,0.03556656386845066
0.7,4,0.125,no_mitigation,5,50738,13.862082958221436,123286,0.01905771054266583,0.014019451016466178,0.028935206771770083,0.14633950446828048,0.1909706052323527,0.25150500091249484,10.4383191821421,2241.5636363636363,2161.8,0.03558392680434112,0,0.035648816572846874
0.7,4,0.125,no_mitigation,6,45628,13.984753370285034,123242,0.019081721417958917,0.014002742115688971,0.028935935213797313,0.1473875505827349,0.19459833838283336,0.24552897683785346,10.525620579529114,2240.7636363636366,2161.1272727272726,0.03553983220006167,0,0.03564531572029016
0.7,4,0.125,no_mitigation,7,52797,14.24381685256958,123383,0.019126925586362194,0.014135682619192735,0.029012873392871792,0.14672626466447558,0.19221306269468247,0.24684072020653502,10.379849959651603,2243.327272727273,2163.672727272727,0.03550732272679381,0,0.035628895390775066
0.7,4,0.125,no_mitigation,8,394,14.227537155151367,123169,0.019003400673515233,0.01399670057057989,0.02890775231885811,0.14610943369012314,0.19019941942298804,0.2401153098613058,10.438848280946669,2239.4363636363637,2159.672727272727,0.035617728486875756,0,0.03569891774716041
0.7,6,0.1875,adaptive,4,99904,13.971739292144775,122970,0.016608927851341528,0.016061086570672956,0.027748944678242893,0.032687550999686864,0.11204371068011684,0.24028858352962068,2.0352017191273544,2235.818181818182,2233.1272727272726,0.0012035455802228187,0,0.0012604700333414653
0.7,6,0.1875,adaptive,0,63914,14.317556619644165,122421,0.016494620981448847,0.015916634882536584,0.02764797852926648,0.032272020962903984,0.09795664806423685,0.23139884320807802,2.0275655753285013,2225.836363636364,2223.3818181818183,0.001102751978827162,0,0.0011517631778861469
0.7,4,0.125,no_mitigation,9,86728,14.338876008987427,123149,0.019048273060767656,0.014041162567324683,0.028996641972838685,0.14657479803886644,0.1917656086787914,0.24052930664780092,10.438936045079485,2239.072727272727,2159.3818181818183,0.0355910320018839,0,0.0357128356706104
0.7,6,0.1875,adaptive,2,2155,14.372318267822266,123908,0.016866486477729713,0.01634965378538844,0.028073325581808816,0.03338694070145531,0.09366411094068595,0.22681092503357814,2.042057962798757,2252.8727272727274,2250.4,0.0010975885334280273,0,0.0011540820608838816
0.7,6,0.1875,adaptive,1,32452,14.448259115219116,123592,0.016758500745868047,0.016213559091285745,0.0279037199376873,0.03296088464882445,0.09870981044369509,0.23992066228662434,2.0329209930557344,2247.1272727272726,2244.3636363636365,0.001229853064923296,0,0.0012783998964334261
0.7,6,0.1875,adaptive,6,66165,14.28945541381836,122741,0.01662222787974447,0.01604822752913826,0.027766452640531014,0.032530347016738764,0.1114805571358691,0.24782628585396438,2.027036752667822,2231.6545454545453,2228.927272727273,0.0012220855296926048,0,0.0012628217140156915
0.7,6,0.1875,no_mitigation,3,30252,14.019177198410034,123138,0.023962795454531644,0.01617996326818627,0.1048031867232273,0.1890327690778927,0.23307437543252696,0.2764870090292142,11.683139568652603,2238.8727272727274,2119.090909090909,0.05350095015348633,0,0.05357403888320421
0.7,6,0.1875,adaptive,5,96462,14.361782789230347,123021,0.016661594155030674,0.016117181035157913,0.027788871080874245,0.03255813730494456,0.10766567416666956,0.20555666806014106,2.0200888253300904,2236.7454545454543,2234.018181818182,0.0012193040212646622,0,0.001292462262540542
0.7,6,0.1875,no_mitigation,1,85018,14.135547637939453,122741,0.023931276354782587,0.016099473573392586,0.1059250731955359,0.18876722298656587,0.2300017418109143,0.2931272593324721,11.725055612907695,2231.6545454545453,2112.0363636363636,0.05360067133231764,0,0.053731027122151526
0.7,6,0.1875,adaptive,3,98521,14.477349281311035,122822,0.016641100948742656,0.016065748589579876,0.027892126164173626,0.03266922538005779,0.09798718771950703,0.21752562238375717,2.033470472782501,2233.1272727272726,2230.6363636363635,0.0011154353454592826,0,0.0011805702561430362
0.7,6,0.1875,adaptive,7,32260,14.481528520584106,122838,0.016601607321441843,0.0160034538900522,0.027752112095386392,0.032674419385223925,0.12510650652655145,0.25398743760439046,2.041710471358589,2233.418181818182,2230.7090909090907,0.0012129796968364838,0,0.0012618245168433222
0.7,6,0.1875,no_mitigation,2,68173,14.337135791778564,123536,0.024242617160173948,0.016322538954347543,0.10417125331748989,0.19185398968476025,0.24043577742060765,0.31867652411268566,11.753930575467216,2246.109090909091,2126.3636363636365,0.05331239476751716,0,0.05336096360575055
0.7,6,0.1875,no_mitigation,0,70232,14.413960456848145,123133,0.02418774358630825,0.016213022491072593,0.10545967962361949,0.1918266804472924,0.23928442747572962,0.29836542506149044,11.831642160054875,2238.7818181818184,2118.9636363636364,0.053519365239212885,0,0.053584335637075355
0.7,6,0.1875,adaptive,8,64106,14.629133224487305,122494,0.016529624636739754,0.015983492583533376,0.02759876211502785,0.031827823366199874,0.11001707295970906,0.2573829936060168,1.991293404733691,2227.163636363636,2224.6363636363635,0.001134749457116267,0,0.0011674041177527062
0.7,6,0.1875,adaptive,9,34319,14.609090089797974,123638,0.016737789969447213,0.016181522201048182,0.027909226054719478,0.032787268354289786,0.10739686561842546,0.24355500832281063,2.026216566459115,2247.9636363636364,2245.2181818181816,0.0012213073650495802,0,0.0012698361345217489
0.7,6,0.1875,no_mitigation,4,34242,14.422226905822754,123285,0.024067885106422594,0.0162165159537917,0.10628180268972155,0.18981477775803157,0.23411203793021454,0.2850960383223864,11.705028274809523,2241.5454545454545,2121.8,0.05342093523137446,0,0.0534939368130754
0.7,6,0.1875,no_mitigation,5,35817,14.804023265838623,122878,0.024034479850480146,0.016118651895805414,0.10708753684349306,0.18976985138483152,0.23558964853818945,0.2987362545283432,11.773307880308257,2234.1454545454544,2114.3454545454547,0.05362229202949267,0,0.053679259102524454
0.7,6,0.1875,no_mitigation,6,32183,14.682319164276123,123448,0.024117453290024404,0.016268879818454707,0.10560984518800395,0.19077460940211888,0.23603791384976505,0.29020269180625036,11.726351877386941,2244.509090909091,2124.690909090909,0.05338280085542091,0,0.0534314043159873
0.7,6,0.1875,no_mitigation,7,66242,14.62541389465332,123704,0.024195322976129936,0.016346506670394945,0.10639596682593433,0.19083452921302171,0.23602318419333207,0.2970108440383328,11.67433097853506,2249.163636363636,2129.327272727273,0.053280411304404064,0,0.05332891418224148
0.7,6,0.1875,no_mitigation,9,99827,14.090129137039185,123354,0.024133752675740836,0.01622472053363566,0.10489408831750122,0.19093259169096216,0.2338228042040582,0.29642430197518266,11.768004958553062,2242.8,2122.981818181818,0.05342348038977252,0,0.05348833438721079
0.7,6,0.1875,no_mitigation,8,98252,14.526657819747925,123211,0.02397738162069809,0.01622271757343441,0.10354393499475201,0.1889640039294926,0.2336416783622326,0.27679120714407546,11.648110316543484,2240.2,2120.3636363636365,0.05349360040905439,0,0.053534181201353774
0.7,8,0.25,adaptive,1,9907,14.316808700561523,122576,0.02050353519056918,0.01929771856343443,0.03411188020001532,0.03971592994749251,0.17737412773582426,0.26935698113869133,2.058063486465534,2228.6545454545453,2223.3454545454547,0.0023821955358308317,0,0.002243506069703694
0.7,8,0.25,adaptive,3,43838,14.51574158668518,122580,0.02058318199786538,0.01931327670341787,0.034500001796722655,0.03989759841020461,0.17592498508033488,0.27171274953382873,2.0658119812027516,2228.7272727272725,2223.8,0.0022108011094795236,0,0.0020884320443791808
0.7,8,0.25,adaptive,0,6273,14.740623712539673,122855,0.022550639864185963,0.01904135900930015,0.03547498835281786,0.16841856257327725,0.23036366558906196,0.2767708391599566,8.844881423170401,2233.7272727272725,2190.4727272727273,0.019364291237637866,0,0.019348011883928207
0.7,8,0.25,adaptive,5,10928,14.506076574325562,123459,0.021302613450277282,0.019678080271386733,0.03588816051718186,0.04441873544946915,0.18965294116557185,0.2993586443402938,2.2572697558337036,2244.7090909090907,2232.890909090909,0.0052649057581869285,0,0.006293587344786528
0.7,8,0.25,adaptive,9,74938,14.308513402938843,123071,0.02091103853624244,0.019608389317461672,0.035129218847420596,0.0415447614195138,0.1738445190850909,0.2608034936448682,2.1187238149396257,2237.6545454545453,2232.2545454545457,0.0024132411372297293,0,0.0019013415020597867
0.7,8,0.25,adaptive,2,40204,14.678364992141724,123819,0.021748996268651757,0.020282554284648313,0.036822974399110996,0.044345720256134286,0.1494656798659094,0.2968649357106301,2.1863972177162703,2251.2545454545457,2244.981818181818,0.0027863252004942697,0,0.001994847317455318
0.7,8,0.25,no_mitigation,0,72127,14.36244010925293,122920,0.032659137549617724,0.018836939763358984,0.1869864685953343,0.24790597676143256,0.2961498874123608,0.36172308917651463,13.160629055238122,2234.909090909091,2073.9636363636364,0.07201431825577612,0,0.07154246664497234
0.7,8,0.25,adaptive,7,76997,14.621691703796387,122784,0.022669528704755706,0.019123442475489583,0.03567463557057557,0.16611956572355707,0.22806758402086325,0.2972918729343945,8.686697802263984,2232.4363636363637,2189.0363636363636,0.019440643732082357,0,0.01939992181391712
0.7,8,0.25,adaptive,4,42263,14.732739448547363,122860,0.02674445692309663,0.018868800433079258,0.043114728175295894,0.21121428136080259,0.2716576440048676,0.3563981934051057,11.193837261139228,2233.818181818182,2131.8,0.045669868142601336,0,0.045328015627543544
0.7,8,0.25,no_mitigation,1,70552,14.43728518486023,122727,0.03290361715070272,0.018899725216897423,0.18759661196678573,0.25253622851763785,0.30503660709668506,0.39921291022208294,13.361899478403855,2231.4,2070.109090909091,0.07228238284973966,0,0.07166312221434566
0.7,8,0.25,no_mitigation,2,74186,14.452852249145508,122812,0.03313852185879382,0.0188673195366853,0.18779392588193158,0.2625577682485683,0.32198814896422673,0.41499258778113557,13.91600792778515,2232.9454545454546,2071.2363636363634,0.07241963326059343,0,0.07162166563527994
0.7,8,0.25,adaptive,8,78253,14.701253414154053,123316,0.02302998934720733,0.019366729973175012,0.03639722393572331,0.16881798705532255,0.22998735754352354,0.2845525094101049,8.71690715413255,2242.109090909091,2198.7636363636366,0.019332446722242044,0,0.019283791235524993
0.7,8,0.25,adaptive,6,76194,15.0703444480896,123422,0.02426178415028314,0.019286571553306153,0.03731414407525051,0.1883565582313311,0.2447242893669679,0.29791882678519244,9.766202236137845,2244.0363636363636,2181.109090909091,0.02804200223623017,0,0.027952877120772632
0.7,8,0.25,no_mitigation,3,72611,14.72834300994873,123391,0.03302766624771557,0.01902257597309287,0.18802957936790676,0.2530739264728579,0.2983800797285916,0.37712963944148825,13.303872558102906,2243.4727272727273,2082.018181818182,0.07196635086837776,0,0.07129369240868459
0.7,8,0.25,no_mitigation,4,91883,14.76236867904663,123149,0.03267420996101266,0.01897307276070137,0.18405270398765475,0.24827603949188834,0.2986695920073726,0.404443067829213,13.085705337415805,2239.072727272727,2077.7636363636366,0.07204280992943507,0,0.0714256713412208
0.7,8,0.25,no_mitigation,5,6542,14.81624436378479,123575,0.03339947834416959,0.019133354809303782,0.19057104896270183,0.26012398812110166,0.30989568514192894,0.4069026291458542,13.595315129713363,2246.818181818182,2085.2363636363634,0.07191584058264212,0,0.07117944568076068
0.7,8,0.25,no_mitigation,6,10176,14.876510381698608,123168,0.03277951853406259,0.018928295508313653,0.18637418677799092,0.25189712477681625,0.29897556515678947,0.36939843304788766,13.307966618873762,2239.418181818182,2078.1454545454544,0.0720154585606651,0,0.0713902961808262
0.7,8,0.25,no_mitigation,7,8601,14.80214524269104,123353,0.03316784754012757,0.019093516993429205,0.18876617106568952,0.2550241091736359,0.3003583374794723,0.36216865865448256,13.356581150628207,2242.7818181818184,2081.072727272727,0.0721020161649899,0,0.07131565507121837
0.7,8,0.25,no_mitigation,8,12718,14.537750959396362,122853,0.033011342223805605,0.018943331075709224,0.18595666972490205,0.25707598062631476,0.3297716707140431,0.4240079126209295,13.570790670282895,2233.690909090909,2072.090909090909,0.07234662564202747,0,0.07160590298975197
0.7,8,0.25,no_mitigation,9,42532,14.73830246925354,123024,0.03356991516819785,0.01898070764538584,0.19319317443403275,0.267475954284619,0.3251451946680436,0.3922798131054339,14.091990629740387,2236.8,2074.9454545454546,0.07235986474183899,0,0.0714901157497724
0.8,2,0.0625,no_mitigation,0,99569,16.49679946899414,140828,0.01817120729114529,0.01589389651186579,0.028468063888314885,0.12999443888098647,0.184498894854871,0.2384118676641691,8.178890480628048,2560.509090909091,2520.5454545454545,0.01560769165222825,0,0.015621893373476865
0.8,2,0.0625,adaptive,1,29917,16.97583508491516,140664,0.016157507133765497,0.015720749431418213,0.027190530471837348,0.03069427341842605,0.03814000436456588,0.16823017045485145,1.9524688407718633,2557.5272727272727,2556.7818181818184,0.0002914747198999033,0,0.00031280213842916455
0.8,2,0.0625,adaptive,2,25333,17.03878927230835,140576,0.01613805393512543,0.01567875015531328,0.027122736088603272,0.030330485086915715,0.037838986491257096,0.1865891104175148,1.9344963588591397,2555.927272727273,2555.163636363636,0.0002987707716822217,0,0.00032011154108809467
0.8,2,0.0625,adaptive,0,60214,17.093961000442505,140558,0.016222789280179648,0.015758923985031537,0.027294924464480983,0.030858432681460768,0.03805661986741002,0.1999917408209786,1.9581560714913884,2555.6,2554.8,0.0003130380341211457,0,0.0003201525348966263
0.8,2,0.0625,no_mitigation,1,95935,16.639732122421265,140463,0.01800706538404219,0.015655171716140615,0.02836297476266125,0.12916307548696176,0.18890797268731793,0.24764851239093133,8.250505189527468,2553.8727272727274,2513.9454545454546,0.01563401037995771,0,0.01565536831763525
0.8,2,0.0625,adaptive,3,27858,17.204408407211304,140934,0.016250058655551635,0.015800014445102484,0.027296384563619918,0.030907197318256297,0.0381243376614838,0.1740822377203335,1.9561499405993628,2562.4363636363637,2561.672727272727,0.00029801183532717445,0,0.0003192983949934012
0.8,2,0.0625,adaptive,7,91868,17.07429313659668,140536,0.016189994033397017,0.01570795941635339,0.027292675409301914,0.030672164862542668,0.037989104600420896,0.19717172903331548,1.9526511400717144,2555.2,2554.4363636363637,0.00029885580918768143,0,0.00032020265270108725
0.8,2,0.0625,adaptive,4,24224,17.255435466766357,140574,0.016164013760617543,0.015667658476957058,0.02722262428137797,0.030804328945933542,0.03829033246651481,0.1912844576295445,1.9661092939470493,2555.890909090909,2555.1454545454544,0.0002916613313984094,0,0.00031300240442756126
0.8,2,0.0625,no_mitigation,2,97510,16.639339208602905,140327,0.01798357873194644,0.015674721283645,0.028321245072797985,0.12918719903834538,0.18598676390897165,0.23925994948291418,8.241754140352038,2551.4,2511.509090909091,0.015634909889044875,0,0.01567054095077925
0.8,2,0.0625,adaptive,5,93927,17.217687368392944,140685,0.01621766815234084,0.015748217151859478,0.027306335866549597,0.030754315766021948,0.03805798430035315,0.2353781706413498,1.9528760284074833,2557.909090909091,2557.1272727272726,0.00030564736823399796,0,0.00032697160322706754
0.8,2,0.0625,adaptive,6,4498,17.227808952331543,140796,0.016239074541458044,0.015739789918518543,0.027366107379564575,0.03107394920183565,0.03860298237474778,0.19960492784170736,1.9742289676481517,2559.927272727273,2559.109090909091,0.0003196113525952442,0,0.0003267138270973607
0.8,2,0.0625,adaptive,9,57937,17.08952283859253,140791,0.016226435015967,0.015738398539163256,0.027286668220584787,0.03060549059430998,0.038059415365107936,0.19937574072258446,1.9446381738365321,2559.836363636364,2559.018181818182,0.0003196227031557415,0,0.0003267254298925357
0.8,2,0.0625,adaptive,8,6557,17.139883995056152,140482,0.016150211915102155,0.01567663305949374,0.027194818976304092,0.03051436883600296,0.037734928203699745,0.19127587874853624,1.9464874070981408,2554.2181818181816,2553.418181818182,0.00031320738599962985,0,0.0003203257356814396
0.8,2,0.0625,no_mitigation,4,63579,16.724181652069092,141320,0.0181628841943269,0.015901039885839907,0.028521159166413845,0.1307238781022361,0.1859803247458378,0.24558594833434455,8.221089880961024,2569.4545454545455,2529.5636363636363,0.01552504953297481,0,0.015553354090008492
0.8,2,0.0625,no_mitigation,3,89612,17.0627281665802,140411,0.018027401387527234,0.01574595460777317,0.028263913801415796,0.12990334168546333,0.18333333182862652,0.22458920876223232,8.249950220314686,2552.927272727273,2512.9636363636364,0.01565404419881633,0,0.01566116614795137
0.8,2,0.0625,no_mitigation,6,61520,15.814525127410889,140362,0.01804803677152262,0.015725360438574754,0.028389595481975945,0.12929298981801118,0.18616750153201192,0.2348673313154812,8.221941259982303,2552.0363636363636,2512.109090909091,0.015645260113136033,0,0.01566663341930152
0.8,2,0.0625,no_mitigation,7,31223,16.08509111404419,140626,0.018063571431763934,0.01578776751964739,0.02834160744094416,0.13026908195330833,0.18396175229804726,0.24126622867164116,8.251266798246965,2556.836363636364,2516.909090909091,0.015615888953678552,0,0.015630111074765692
0.8,2,0.0625,no_mitigation,5,91671,16.326273202896118,140112,0.01794480543396508,0.015587145957062454,0.028266112143970897,0.12816293676691154,0.18541843917288625,0.24773366890312332,8.22234789614205,2547.490909090909,2507.581818181818,0.015666038597693274,0,0.01570172433481786
0.8,2,0.0625,no_mitigation,8,27589,16.152615785598755,140779,0.018051921169223398,0.01578003402234973,0.028352936951394802,0.12932783426509553,0.18743519594087554,0.23710137250521335,8.195662574739996,2559.6181818181817,2519.7090909090907,0.015591814120003693,0,0.015613124116523061
0.8,2,0.0625,no_mitigation,9,70836,15.890510320663452,140880,0.018156045140226288,0.015826592867762557,0.02847688735234576,0.1320322436067506,0.18572070126333068,0.23973467068172738,8.342430029630016,2561.4545454545455,2521.5272727272727,0.015587734241908006,0,0.015594832481544576
0.8,4,0.125,adaptive,1,35144,16.446420192718506,140360,0.01902340934399942,0.018343858055128948,0.030782604383563394,0.03763569519456042,0.04790653170294982,0.2864590173282542,2.051678282804716,2552.0,2549.890909090909,0.0008264462809917355,0,0.0008620689655172414
0.8,4,0.125,adaptive,0,36719,16.59502363204956,140294,0.018997060861469517,0.018289777273434282,0.03096559249175252,0.03775109118016592,0.04779399935341427,0.2381507144744912,2.064054177138559,2550.8,2548.6181818181817,0.000855346629221492,0,0.0008767302949520293
0.8,4,0.125,adaptive,4,72709,16.41105842590332,140968,0.019197834785042816,0.01849288695450113,0.03112708674165523,0.03783951554722428,0.04828338120678491,0.21529992601856485,2.046165946956931,2563.0545454545454,2560.909090909091,0.000837069405822598,0,0.0008441632143465184
0.8,4,0.125,adaptive,5,71134,16.467594146728516,140613,0.01916832267694777,0.018490108296802532,0.030815192076127575,0.03759019766617037,0.04764384236265344,0.24978763870196463,2.032989588961509,2556.6,2554.4545454545455,0.0008391827213700013,0,0.0008534061573254251
0.8,4,0.125,adaptive,6,82057,16.416428089141846,140729,0.01912433953044721,0.01841487197975411,0.031164196744315833,0.03783033507210604,0.04768800922303486,0.23705359785825575,2.0543360341412042,2558.7090909090907,2556.5454545454545,0.000845596856369334,0,0.0008527027123052107
0.8,4,0.125,no_mitigation,1,64619,16.33907461166382,141159,0.02329505145718548,0.01824416734027068,0.03560396442646268,0.18581250349969466,0.23155861279128387,0.29983607650439836,10.18476206856245,2566.5272727272727,2486.490909090909,0.031184692439022662,0,0.031156355599005377
0.8,4,0.125,adaptive,3,14413,16.58458137512207,140459,0.019052608738237307,0.01838731592332543,0.030669562696145652,0.03744787554830882,0.047571669943245416,0.2489574320872885,2.036614571939992,2553.8,2551.6545454545453,0.0008401028058009811,0,0.0008614613517111755
0.8,4,0.125,adaptive,2,38778,16.76219940185547,140948,0.019214465164694165,0.018355601865838622,0.030658016046455613,0.038307309204534616,0.146887132181391,0.2448936385392928,2.086954679259407,2562.690909090909,2552.4727272727273,0.00398728609132446,0,0.004930896500837188
0.8,4,0.125,adaptive,8,48126,16.60788583755493,140924,0.01917403045833217,0.01848027860782686,0.031022012006237238,0.037910474863172,0.048644803721443315,0.2422409704107551,2.0514016951625376,2562.2545454545457,2560.072727272727,0.0008515228066191706,0,0.0008515228066191706
0.8,4,0.125,no_mitigation,0,56700,16.50299859046936,141003,0.023439158647056185,0.01832515915125299,0.035947988189303524,0.18619031067463146,0.23297911141003205,0.29070491965909984,10.160365273657153,2563.690909090909,2483.672727272727,0.031212101870172974,0,0.03119791777479912
0.8,4,0.125,adaptive,7,73193,16.688679933547974,141250,0.020932442046326095,0.018508240025533418,0.03315080403188996,0.14021418506092767,0.20584719988840966,0.28383413975825533,7.575770838690894,2568.181818181818,2534.163636363636,0.013246017699115044,0,0.013323893805309734
0.8,4,0.125,adaptive,9,7124,16.723394632339478,141274,0.01946825956718921,0.01866140316055187,0.03195441450227694,0.03831190171901628,0.05038948855854471,0.2814743127648045,2.0530021986772877,2568.6181818181817,2566.0,0.0010192958364596458,0,0.0009485114033721704
0.8,4,0.125,no_mitigation,2,90631,16.687309980392456,141248,0.023447176480127518,0.018397627308285536,0.03581464468256001,0.18509560646524276,0.23432909209397262,0.33941347479812123,10.060841181508406,2568.1454545454544,2488.1454545454544,0.031150883552333485,0,0.03114380380607159
0.8,4,0.125,no_mitigation,3,62560,16.89849591255188,140759,0.02320591902178659,0.018201076825075546,0.03569303707100673,0.18369470076941585,0.23347132045048755,0.2912126741255321,10.092518290804666,2559.2545454545457,2479.2545454545457,0.031259102437499554,0,0.031259102437499554
0.8,4,0.125,no_mitigation,4,92690,16.31343150138855,140400,0.02323173099949388,0.01813213924602941,0.035906706529125636,0.18541585395767157,0.23307239409283437,0.28137520821471895,10.225812378882656,2552.7272727272725,2472.6545454545453,0.03136752136752137,0,0.03131054131054131
0.8,4,0.125,no_mitigation,5,28629,16.20327663421631,140724,0.023385129006086552,0.018268534389632052,0.03592449505042712,0.18657163084679956,0.23786693839622888,0.2964220848078938,10.212731183990579,2558.6181818181817,2478.672727272727,0.031245558682243255,0,0.03126687700747562
0.8,4,0.125,no_mitigation,6,30204,16.535834789276123,139989,0.023102365753718924,0.01805938036964072,0.035472396031777015,0.1850491756801189,0.23552289925575154,0.29845476365295553,10.246706802366349,2545.2545454545457,2465.309090909091,0.03140961075513076,0,0.031416754173542207
0.8,4,0.125,no_mitigation,7,26570,16.558765649795532,140540,0.023108600949120206,0.01814895076166323,0.035433664491191494,0.18362620780060354,0.23009394524308655,0.29517677113956964,10.117731334005528,2555.2727272727275,2475.3818181818183,0.0312651202504625,0,0.03130069731037427
0.8,4,0.125,no_mitigation,8,28145,16.530951499938965,140843,0.02339808082157967,0.01831639432971599,0.036140850878269855,0.18553463377510168,0.23722835280665985,0.3321401904552772,10.129429975969432,2560.7818181818184,2480.6181818181817,0.03130436017409456,0,0.03121915892163615
0.8,4,0.125,no_mitigation,9,58977,16.5132577419281,140917,0.023383290506615265,0.018290492866899655,0.036166334303356876,0.18579358361144813,0.23741662806445676,0.3187951514540188,10.157932044995857,2562.1272727272726,2482.0545454545454,0.03125243937920904,0,0.031202764748043173
0.8,6,0.1875,no_mitigation,0,52557,16.574476957321167,140742,0.03304278924942303,0.023890796071517784,0.05092199279642941,0.2537616618119403,0.3093871848642295,0.38587001638378027,10.621733200195486,2558.9454545454546,2429.3818181818183,0.05063165224311151,0,0.0468730016626167
0.8,6,0.1875,adaptive,2,70479,17.070409059524536,140538,0.03315889741820537,0.02381995620643096,0.05107134696700454,0.25604872183015703,0.3061043744240332,0.3914455829321071,10.749336380435011,2555.2363636363634,2425.418181818182,0.050804764547666824,0,0.046933925344035066
0.8,6,0.1875,adaptive,1,74113,17.133073329925537,140698,0.03178659705957695,0.02428084419240495,0.047771734040790825,0.24434994306793809,0.2988151829290195,0.3953536929290813,10.063486307628908,2558.1454545454544,2446.1454545454544,0.04378171686875435,0,0.03925428932891725
0.8,6,0.1875,adaptive,4,26371,17.047528743743896,141006,0.032390098364704065,0.024804339664714625,0.04886005591897513,0.24707080287196068,0.3130968168691753,0.40826819231374145,9.960789370395167,2563.7454545454543,2444.672727272727,0.04644483213480277,0,0.03916145412251961
0.8,6,0.1875,adaptive,3,72054,17.099548816680908,140477,0.03187476996207833,0.02427590253802947,0.04838073212389058,0.2446524435301373,0.2995586371815364,0.3849807646987067,10.077995788081472,2554.1272727272726,2437.890909090909,0.04550922926884828,0,0.03928757020722253
0.8,6,0.1875,adaptive,0,72538,17.304529428482056,140601,0.03209848629894531,0.02448152534891257,0.04858189570967397,0.24549183149129306,0.31240577733849306,0.39854048722702373,10.027636268268612,2556.3818181818183,2439.2545454545457,0.0458175973143861,0,0.03930270766210767
0.8,6,0.1875,adaptive,8,62361,17.020081758499146,140691,0.0323164078265019,0.024654033529927233,0.048661060333223816,0.24677696701393403,0.3012107725640598,0.3832722116176086,10.009598093325154,2558.018181818182,2440.2363636363634,0.046044167715063505,0,0.039263350178760544
0.8,6,0.1875,adaptive,5,38123,17.253487586975098,140997,0.03369823512511228,0.02436639702051835,0.05362835106134014,0.2581457275088979,0.31297348743225933,0.386926188031822,10.594333142135035,2563.581818181818,2426.1272727272726,0.05361816208855508,0,0.046781137187316045
0.8,6,0.1875,adaptive,7,36064,17.224082946777344,140761,0.03358856380202701,0.024244799955669194,0.05374230089055487,0.25692609285021967,0.3150000677333544,0.3995780104341371,10.597162827492923,2559.2909090909093,2421.6363636363635,0.053786204985755995,0,0.04686667471813926
0.8,6,0.1875,adaptive,6,60302,17.49097776412964,140950,0.033980373165609534,0.024395142851279417,0.054354323631584205,0.265424888145304,0.3253800523221473,0.453354669240877,10.880235043648604,2562.7272727272725,2424.0545454545454,0.05411138701667258,0,0.04681802057467187
0.8,6,0.1875,adaptive,9,2133,17.53761124610901,140472,0.03310668506598917,0.02363453982307462,0.05318450398248607,0.2571616115033391,0.31773345399362246,0.3973458383747328,10.88075390629226,2554.0363636363636,2420.072727272727,0.05245173415342559,0,0.04695597699185603
0.8,6,0.1875,no_mitigation,1,77740,16.85281801223755,140723,0.03363348012702814,0.024051687657291154,0.05657156914223688,0.25947595148068714,0.3214221479056777,0.41606172725251955,10.788263808258305,2558.6,2416.1454545454544,0.05567675504359629,0,0.04687222415667659
0.8,6,0.1875,no_mitigation,2,18626,17.139256477355957,140435,0.033069723025889106,0.02386589963336938,0.05257901056237763,0.2508161827110215,0.30623461736588226,0.3777585992107575,10.509395688580266,2553.3636363636365,2420.6181818181817,0.051988464414141775,0,0.04697546907822124
0.8,6,0.1875,no_mitigation,3,79799,16.966565132141113,140467,0.03312130139639145,0.02361165420567346,0.05245697605246004,0.2594217785849874,0.32422556693257865,0.43027826054047935,10.987022608634213,2553.9454545454546,2421.1272727272726,0.052005097282635776,0,0.0469505293058156
0.8,6,0.1875,no_mitigation,4,78224,17.12322235107422,141594,0.0344143290170268,0.025015962751293586,0.056669608838133205,0.2608413582617662,0.32188046903264544,0.4636394367419854,10.426996588339499,2574.4363636363637,2427.109090909091,0.057227001144116274,0,0.046583894797802165
0.8,6,0.1875,no_mitigation,5,86270,17.00413227081299,140379,0.032992933402331795,0.02365264870103445,0.05303122490639629,0.2541093239255062,0.3146818768898369,0.3888344278782654,10.74337707955696,2552.3454545454547,2417.8545454545456,0.05269306662677466,0,0.04700845568069298
0.8,6,0.1875,no_mitigation,6,12155,17.16366171836853,140753,0.033655525671689335,0.024168824721904514,0.05502701007876919,0.2602058253590515,0.3251333576624118,0.3944343288313945,10.766176194046526,2559.1454545454544,2417.109090909091,0.0555014813183378,0,0.04688354777518063
0.8,6,0.1875,no_mitigation,7,15789,16.956258058547974,140633,0.033500818556552764,0.024083529256124336,0.05469382154642724,0.2596083729861335,0.3245758338934607,0.48790713985259515,10.77949872816569,2556.9636363636364,2417.327272727273,0.05461022661821905,0,0.04691644208685017
0.8,6,0.1875,no_mitigation,8,14214,16.57135558128357,140625,0.03328355897336805,0.023934628763015553,0.052052053713833084,0.2586737299288533,0.31257235771221314,0.3945839843811427,10.807509591649195,2556.818181818182,2424.8,0.05163377777777778,0,0.046912
0.8,6,0.1875,no_mitigation,9,7105,17.146384954452515,141076,0.03405953770884509,0.024472884444595167,0.05430039653074026,0.2638194702145231,0.320785152497531,0.4000115858877962,10.7800725661003,2565.018181818182,2425.3636363636365,0.05444583061612181,0,0.04676202897728884
0.8,8,0.25,adaptive,0,92523,17.273813247680664,140534,0.12309469708290435,0.0884258725463738,0.48857754371881257,0.8453986731112615,0.9598897472012156,1.053946641170576,9.560535268316444,2555.163636363636,360.94545454545454,0.8587388105369519,0,0.0625969516273642
0.8,8,0.25,adaptive,4,28513,17.306017875671387,140491,0.11773930875236739,0.08173202832080761,0.4789831875943875,0.8604176195116039,1.0297657119929584,1.106228088712431,10.527300462119522,2554.3818181818183,430.3818181818182,0.831512338868682,0,0.06258763906584763
0.8,8,0.25,adaptive,6,26253,17.454081535339355,140529,0.13774482901525106,0.1035132298011554,0.5347838267961794,0.9104459148189045,1.120965299246731,1.2229404525287926,8.795454615490533,2555.072727272727,271.2181818181818,0.8938510912338379,0,0.06259206284823773
0.8,8,0.25,adaptive,2,94582,17.71174669265747,140626,0.23623178468665884,0.19306132599163917,0.9480140842627689,1.2823901492643772,1.3876366208583453,1.4902955491979917,6.642397915157349,2556.836363636364,82.12727272727273,0.9678793395246967,0,0.06254177748069346
0.8,8,0.25,adaptive,7,22619,17.378082275390625,140644,0.2739862975176908,0.22801455214882438,0.8613780557007888,1.5966621325935981,1.8506082173237324,1.9624300217450497,7.002457156995233,2557.163636363636,94.94545454545455,0.9628707943460083,0,0.06253377321464122
0.8,8,0.25,adaptive,5,24678,17.667417287826538,140411,0.13243660079824104,0.09183083921338664,0.4494426357583041,0.9387504740564508,1.1286687794340053,1.2231207575466883,10.222605848946706,2552.927272727273,450.8545454545455,0.823397027298431,0,0.06264466459180548
0.8,8,0.25,adaptive,3,58609,17.81805682182312,139856,0.07751254668431555,0.05391047884140576,0.3859066529140227,0.5312664876777797,0.6098136592335183,0.6996679135005408,9.854605247352065,2542.836363636364,1103.8727272727272,0.5658892003203295,0,0.06289326164054455
0.8,8,0.25,adaptive,1,60668,17.935149431228638,140502,0.19657701829510882,0.1547898267922836,0.6996190683102521,1.2912084772624857,1.4447860624265805,1.5457810325394377,8.341688236367053,2554.581818181818,220.43636363636364,0.9137094133891333,0,0.06257562169933524
0.8,8,0.25,adaptive,8,92322,17.78807783126831,140457,0.18261306692022208,0.16202651443515492,0.5282611725042811,1.1567495135536503,1.233971190403689,1.2976170367865336,7.139260617845335,2553.7636363636366,266.03636363636366,0.895825768740611,0,0.06262414831585468
0.8,8,0.25,adaptive,9,62928,17.573182106018066,139991,0.08832909999445726,0.061129043488499235,0.3854958244522564,0.6072183172455057,0.7694953189957958,0.8638816995985437,9.933384895180753,2545.2909090909093,864.2545454545455,0.6604496003314498,0,0.06283261066782865
0.8,8,0.25,no_mitigation,0,44376,17.295355796813965,140537,0.12152641280349734,0.0903195442514999,0.5226156224699255,0.7800032484205689,0.8971701115976491,0.998873333934327,8.636040570007811,2555.2181818181816,234.01818181818183,0.9084155773924305,0,0.0625671531340501
0.8,8,0.25,no_mitigation,1,8815,17.100443124771118,139865,0.08673351960786314,0.05871987645181065,0.38945016736199095,0.6282779630809749,0.7976505618071026,0.8821080849769558,10.699579104131473,2543.0,947.1636363636363,0.6275408429557073,0,0.06287491509670039
0.8,8,0.25,no_mitigation,2,46435,17.198935747146606,140552,0.22212713978130835,0.19019898905011168,0.6526231337597485,1.421387880005739,1.570642011990633,1.6602371581680515,7.4731621188125565,2555.490909090909,206.76363636363635,0.9190904433946155,0,0.06258182025157949
0.8,8,0.25,no_mitigation,4,76459,16.680660724639893,140529,0.11595388240768471,0.08626600180500077,0.49088382186922597,0.7538927358701415,0.9415718923846264,1.0446388586854454,8.739163982286692,2555.072727272727,335.2,0.8688099965131753,0,0.06260629478612956
0.8,8,0.25,no_mitigation,3,6756,17.178396701812744,140153,0.08846504772182037,0.0630790079979704,0.41823709857838265,0.6021891719229457,0.6899501721398592,0.7861234766475462,9.546585956810253,2548.2363636363634,783.4,0.692571689510749,0,0.06277425385114839
0.8,8,0.25,no_mitigation,5,72825,17.150023937225342,140491,0.1703273518226666,0.12036360118234057,0.4416892936866148,1.3466966908358153,1.5871057671786133,1.6690290993849572,11.18857094343401,2554.3818181818183,402.8,0.8423101835704778,0,0.06259475695952053
0.8,8,0.25,no_mitigation,7,70766,16.953210830688477,140246,0.1012688430017804,0.07192526880490036,0.4122715309674545,0.7169629611220307,0.8168868761376874,0.8737487298219264,9.968165194721985,2549.927272727273,661.2727272727273,0.7406699656318184,0,0.06272549662735478
0.8,8,0.25,no_mitigation,6,25600,17.420427560806274,140576,0.15838420992850458,0.12883745478555397,0.4893159695674778,1.0605473002340453,1.2571301577871834,1.3588061828778493,8.231669136892638,2555.927272727273,283.8545454545455,0.888942636011837,0,0.06257824948782154
0.8,8,0.25,no_mitigation,8,27659,17.491318225860596,140515,0.17676950787270107,0.1365208471868371,0.644113740620358,1.1193027842960201,1.277923361200245,1.3742134056283604,8.198768227420873,2554.818181818182,168.03636363636363,0.9342276625271323,0,0.06258406575810412
0.8,8,0.25,no_mitigation,9,36835,17.293671369552612,140328,0.09610207595985572,0.06766834271144972,0.45172626915110836,0.6328999365829087,0.7817611776077729,0.8735167115192652,9.352969368286594,2551.418181818182,602.6181818181818,0.7638105011116813,0,0.06266746479676187
0.85,2,0.0625,adaptive,0,41792,18.478182792663574,149274,0.018557379134652188,0.018016185825038278,0.029813007319051725,0.03685584762635193,0.043235530812456485,0.23989217434391108,2.04570756453516,2714.072727272727,2713.0545454545454,0.00037514905475836383,0,0.0003684499644948216
0.85,2,0.0625,adaptive,1,54574,18.240821838378906,149353,0.01856560914630959,0.01801718966407151,0.029861678896193664,0.03674307840393141,0.042301269536180956,0.19884298771505282,2.0393346070614786,2715.509090909091,2714.5272727272727,0.00036155952675875273,0,0.0003682550735505815
0.85,2,0.0625,adaptive,2,43851,18.386510848999023,149435,0.018422557290994054,0.017935697308942622,0.029620360114347474,0.03614093499959729,0.04093842564897782,0.21341021908011104,2.015028151795228,2717.0,2716.0,0.000368052999631947,0,0.0003881286177936896
0.85,2,0.0625,adaptive,6,79841,18.24399471282959,149107,0.01853372055200576,0.017958561593688138,0.029877491120389264,0.037040161007045644,0.044070347598194025,0.2775684995741905,2.0625349538052133,2711.0363636363636,2710.0545454545454,0.00036215603559859697,0,0.00036215603559859697
0.85,2,0.0625,adaptive,4,77782,18.369362592697144,148565,0.018217360152622483,0.01775616365834054,0.029479617915939112,0.03600240250376879,0.04023781125428719,0.19766832498427078,2.02760028554127,2701.181818181818,2700.418181818182,0.00028270454010029283,0,0.0002894356005788712
0.85,2,0.0625,adaptive,3,74148,18.764006853103638,149910,0.018669287236314797,0.01812980016075727,0.029855616892377677,0.03661827105353049,0.042337130853933154,0.19689310506619595,2.019783490652716,2725.6363636363635,2724.690909090909,0.0003468747915415916,0,0.0003668867987459142
0.85,2,0.0625,adaptive,9,12197,18.23197054862976,149559,0.018400318634838406,0.017934736929085204,0.029578467669850995,0.03598379954686991,0.04000563657368253,0.1975529311505051,2.0063745394845514,2719.2545454545457,2718.3454545454547,0.0003343162230290387,0,0.000354375196410781
0.85,2,0.0625,adaptive,5,76207,18.83935546875,149640,0.018663507752909838,0.018105333008004543,0.029976274561922797,0.03706656600324258,0.04310710940148313,0.19644375360143673,2.047273363425853,2720.7272727272725,2719.7090909090907,0.00037423148890670943,0,0.00036754878374766105
0.85,2,0.0625,adaptive,7,10138,18.573814630508423,149554,0.01853756266856094,0.01801154991243692,0.029782536145131287,0.03656901030573469,0.04265493804934533,0.27492073637740955,2.0303089119767477,2719.163636363636,2718.2181818181816,0.0003477004961418618,0,0.0003477004961418618
0.85,2,0.0625,adaptive,8,13772,18.72722339630127,149710,0.018743594044297218,0.018151148016961827,0.03000140684247743,0.037154497907110125,0.04797482713908205,0.23299249318450865,2.0469503015671577,2722.0,2719.818181818182,0.0008015496626811836,0,0.0007948700821588404
0.85,2,0.0625,no_mitigation,0,1822,18.3297061920166,149338,0.020247779775368412,0.017830731646736098,0.031426676461819084,0.1411030515746744,0.19832796553629875,0.24965823309928936,7.913475137768853,2715.2363636363634,2675.2545454545457,0.014724986272750405,0,0.014724986272750405
0.85,2,0.0625,no_mitigation,1,3397,18.254908084869385,149460,0.020295446170407596,0.017879807740264653,0.03126217385099563,0.14242469542604894,0.19766561973035798,0.28205756560099005,7.965672645646737,2717.4545454545455,2677.4727272727273,0.014712966680048173,0,0.014699585173290513
0.85,2,0.0625,no_mitigation,2,99763,18.22607731819153,149745,0.020458054745855492,0.01802149322521629,0.03187245132203813,0.14214990518857185,0.19882162097981518,0.27539823530529617,7.887798386743604,2722.6363636363635,2682.6545454545453,0.01468496443954723,0,0.014671608400948279
0.85,2,0.0625,no_mitigation,3,98662,18.244292974472046,149446,0.020387687707167722,0.01793155818700498,0.031878326664792844,0.14073107840311236,0.19884074403749794,0.25687587402375023,7.848234767745969,2717.2,2677.2545454545457,0.014700962220467594,0,0.014721036360959812
0.85,2,0.0625,no_mitigation,4,28959,18.286037921905518,149151,0.020204925596709708,0.01784259167066793,0.031140176560940702,0.14055981990976463,0.1970686176929203,0.2591705963321935,7.877769244746878,2711.836363636364,2671.909090909091,0.01472333407084096,0,0.014750152529986389
0.85,2,0.0625,no_mitigation,5,67407,17.972668886184692,149819,0.02046069065204135,0.018009100826029467,0.03193694792794126,0.14221756919839998,0.19815510356635518,0.288918947213439,7.896983340381198,2723.981818181818,2683.9636363636364,0.014691060546392647,0,0.014677711104733045
0.85,2,0.0625,no_mitigation,6,31018,18.197264432907104,149225,0.020204492378087104,0.017775883208869914,0.031411718810248596,0.14077093675257774,0.19736825661700577,0.27101327870536807,7.919209138499236,2713.181818181818,2673.1272727272726,0.014762941866309264,0,0.01474283799631429
0.85,2,0.0625,no_mitigation,7,65348,18.02347755432129,149953,0.02048572993688992,0.018049676853514995,0.03171420367089155,0.1426218910071046,0.1986820528027489,0.2921081277935187,7.901631268225747,2726.418181818182,2686.4363636363637,0.014664594906404007,0,0.014657926150193727
0.85,2,0.0625,no_mitigation,8,64949,18.23439931869507,149834,0.020509041482461656,0.01804680015813931,0.03195911795254478,0.14187730835993137,0.19892091607792065,0.25408037995575583,7.861632373423447,2724.2545454545457,2684.2727272727275,0.014676241707489622,0,0.01466289360225316
0.85,2,0.0625,no_mitigation,9,31417,18.426724433898926,149984,0.020517739931391638,0.018077334866301698,0.03190207245367792,0.14264442176856867,0.19794276797749036,0.28886196398863007,7.8907882618513,2726.981818181818,2687.0363636363636,0.014648229144442073,0,0.014648229144442073
0.85,4,0.125,adaptive,0,44763,18.602224111557007,149340,0.028384068491364555,0.022877993184103218,0.04393242638070402,0.21522238499208518,0.28093296447146376,0.39977592077958946,9.407397898065314,2715.2727272727275,2621.581818181818,0.03450515601982054,0,0.029442882014195794
0.85,4,0.125,adaptive,1,41129,18.510040283203125,148887,0.027749003282642917,0.022292193132003035,0.042119227532315284,0.2087685715444554,0.2707678078199144,0.37891160327901474,9.365097920524645,2707.0363636363636,2618.8727272727274,0.032568323627986326,0,0.029525747714709814
0.85,4,0.125,adaptive,2,10832,18.589964866638184,149717,0.028649799954756736,0.023254667971052356,0.043317143300563986,0.2190357319892891,0.2776422131667016,0.34729350864282793,9.41900061793817,2722.1272727272726,2634.163636363636,0.032314299645330856,0,0.02937542162880635
0.85,4,0.125,adaptive,3,87593,18.65017080307007,149384,0.028444816534093878,0.023092188828259808,0.042983521378709894,0.2169832304437167,0.2820323172148742,0.3498133219272219,9.396390790732514,2716.072727272727,2629.690909090909,0.031803941519841485,0,0.02943420982166765
0.85,4,0.125,adaptive,6,6714,18.23288369178772,149403,0.0281509039314331,0.022904661439255847,0.04162352522691837,0.21574729744859356,0.2693517643754613,0.3491935729439106,9.419361994097347,2716.418181818182,2633.0,0.030708888041070127,0,0.029423773284338334
0.85,4,0.125,adaptive,7,76417,18.559828519821167,149747,0.028662026908973248,0.02333631979742279,0.04311954658471463,0.21864200516033788,0.2743686943303949,0.3395818029175537,9.369172476993747,2722.672727272727,2636.9454545454546,0.031486440462914114,0,0.029376214548538535
0.85,4,0.125,adaptive,5,89652,18.998173236846924,149553,0.028662429677921212,0.023238129286209386,0.04350512594096614,0.22145724985336127,0.2801198842327844,0.3478333578897832,9.529908674050823,2719.1454545454544,2631.818181818182,0.03211570480030491,0,0.029400948158846696
0.85,4,0.125,adaptive,4,8773,19.257225036621094,149887,0.028787596825631763,0.023466648677612056,0.04359799832922276,0.22002055665000445,0.2802515404988798,0.34324319462204844,9.375883180963594,2725.2181818181816,2638.163636363636,0.03194406452861155,0,0.029335432692628446
0.85,4,0.125,adaptive,9,25642,18.686725854873657,149914,0.029210519370167897,0.02361434525082373,0.04671788259469577,0.21912107063036926,0.29127152484415453,0.4066516166976655,9.279150800199542,2725.7090909090907,2615.8545454545456,0.04030310711474579,0,0.029330149285590405
0.85,4,0.125,adaptive,8,72783,18.982389211654663,149885,0.028734467870887574,0.02343420510827343,0.043742080033287306,0.21687025088395334,0.27559858768377865,0.3510347499674502,9.254431711335814,2725.181818181818,2636.7090909090907,0.032464889748807416,0,0.029349167695233012
0.85,4,0.125,no_mitigation,2,14229,17.690789937973022,149290,0.02847090603528511,0.023052136379240196,0.04342824822644821,0.21618583977674347,0.27529749602466685,0.34480420079820284,9.37812601054328,2714.3636363636365,2625.7454545454543,0.032647866568423875,0,0.029459441355750553
0.85,4,0.125,no_mitigation,1,38962,17.90596342086792,150165,0.029087930705431263,0.023641714937902236,0.044595588398111376,0.2191199351350717,0.2837504980704078,0.3668441124495736,9.268360426078063,2730.2727272727275,2640.090909090909,0.03303033330003663,0,0.029281124096826823
0.85,4,0.125,no_mitigation,0,59463,18.185624599456787,149856,0.02915100183516737,0.023618638479639742,0.04559652740134679,0.2213623123244911,0.2883551390276328,0.382423377056611,9.37235702707058,2724.6545454545453,2626.163636363636,0.0361480354473628,0,0.029348174247277387
0.85,4,0.125,no_mitigation,3,41021,18.10943579673767,149331,0.028153259359391697,0.022727610875730164,0.042646683924790096,0.21337884853074437,0.2727635247325717,0.3421682186286752,9.38852964781276,2715.109090909091,2629.2181818181816,0.03163442285928575,0,0.029458049567738783
0.85,4,0.125,no_mitigation,4,80298,17.68468689918518,149351,0.028247370307150316,0.02283901242394748,0.04263810760071074,0.21612574329625334,0.2732781190137566,0.34810438213826345,9.46300738772917,2715.4727272727273,2630.018181818182,0.03146949133249861,0,0.029440713487020508
0.85,4,0.125,no_mitigation,5,74952,18.304378509521484,149853,0.02882760304461647,0.023528797373785437,0.042998353528093225,0.22114645471115874,0.27651390333415776,0.3425222551106941,9.398969747495409,2724.6,2639.6,0.03119723996182926,0,0.029335415373732927
0.85,4,0.125,no_mitigation,7,77011,17.748157262802124,149731,0.02853433060887601,0.02319061272006273,0.042781716546084425,0.2186678511178671,0.2726234604968022,0.3243751502399874,9.429153673403917,2722.3818181818183,2637.4727272727273,0.031189266083843693,0,0.029345960422357428
0.85,4,0.125,no_mitigation,6,78239,18.167996644973755,149539,0.028441653777244506,0.023074164438586564,0.043065861546665384,0.21614307516122647,0.2807975639486725,0.3433318816973632,9.367319702366938,2718.890909090909,2632.7454545454543,0.03168404228997118,0,0.02941038792555788
0.85,4,0.125,no_mitigation,8,7308,17.943824291229248,149026,0.02819203542166156,0.022748572575238324,0.04258975869368431,0.21526894685954945,0.27174198575120445,0.3490826962296012,9.46296503429267,2709.5636363636363,2624.2727272727275,0.031477728718478655,0,0.029504918604807216
0.85,4,0.125,no_mitigation,9,45883,17.730823278427124,149123,0.028045613585233078,0.0226115132818272,0.042241689547027755,0.21295362107250737,0.27608251669102063,0.383013119768858,9.41792875241382,2711.327272727273,2625.690909090909,0.031584665008080576,0,0.02948572654788329
0.85,6,0.1875,adaptive,0,97596,18.400633811950684,148940,0.10089113755135133,0.08528280510581965,0.16299168225442803,0.6760449974697735,0.877410408027121,0.9941767342156638,7.927096167051857,2708.0,602.5272727272727,0.7775010071169598,0,0.04427957566805425
0.85,6,0.1875,adaptive,1,98770,18.34110116958618,149460,0.15611674337502732,0.13758274105844137,0.2033361628859349,0.9428522436101615,1.071886831530523,1.1965126968886963,6.852983421878939,2717.4545454545455,119.47272727272727,0.9560350595477051,0,0.04413220928676569
0.85,6,0.1875,adaptive,2,99655,18.514997959136963,149439,0.11081055147620725,0.08623006980261749,0.1863325396563156,0.6840810427040835,1.0013602947830205,1.1009779853788828,7.933207572137654,2717.072727272727,243.6909090909091,0.9103112306693701,0,0.04415179437763904
0.85,6,0.1875,adaptive,5,19605,18.484384536743164,149001,0.13341642091534464,0.1097469300980336,0.22727314135098453,0.984724493047139,1.192090613613081,1.2903898154279148,8.972683720332903,2709.109090909091,681.3818181818182,0.7484849094972517,0,0.044248025181039055
0.85,6,0.1875,adaptive,4,33586,18.735425233840942,149152,0.13186333707509176,0.11708811379202899,0.18338324704422354,0.8342020930846291,0.97155916101718,1.053361566693873,7.124566841740507,2711.8545454545456,359.92727272727274,0.8672763355503111,0,0.04422334263033684
0.85,6,0.1875,adaptive,7,65942,18.30181908607483,149006,0.0956444800915649,0.0773850453015612,0.1514568041658304,0.649777956819124,0.8137308458723255,0.9022547767960845,8.396686391886302,2709.2,669.0545454545454,0.7530435016039623,0,0.044259962686066336
0.85,6,0.1875,adaptive,3,29952,19.250590801239014,149310,0.11256756601615103,0.08729729825139287,0.20291014931826754,0.734916289114355,0.95495672620898,1.0697179471086784,8.418545634688403,2714.7272727272725,387.7818181818182,0.857156252092961,0,0.044203335342575846
0.85,6,0.1875,adaptive,8,87249,18.22297191619873,149307,0.12813542094213218,0.10252835539302296,0.20480961064303818,0.8435257183255078,1.0798205148125182,1.2448441827443801,8.22724323522027,2714.672727272727,284.0181818181818,0.8953766400771564,0,0.044170735464512716
0.85,6,0.1875,adaptive,6,35645,19.144485473632812,149349,0.12471573049245008,0.09307163569144272,0.21615623050713142,0.7997683449237021,1.1459291913362035,1.2464948018270405,8.593040607722285,2715.4363636363637,410.4,0.848864070064078,0,0.04419179237892453
0.85,6,0.1875,no_mitigation,1,13210,18.220291137695312,149333,0.12888464727850582,0.11260069323410704,0.1626740366756969,0.7839287028165431,0.8864302477544538,1.0170156913365354,6.962023770019642,2715.1454545454544,244.4,0.9099864062196568,0,0.044169741450315735
0.85,6,0.1875,no_mitigation,0,39981,18.379191637039185,149337,0.09570136235060453,0.07838358568073289,0.13795617427269063,0.5963325713272445,0.76013047288516,0.8968953829468163,7.607875630443712,2715.2181818181816,428.0181818181818,0.8423632455453103,0,0.044175254625444464
0.85,6,0.1875,adaptive,9,68001,18.900635480880737,149444,0.17379140618552488,0.14262842447270785,0.2967235243885914,1.0270180453503894,1.4469502882080703,1.5781494550850113,7.200654772337549,2717.163636363636,91.2909090909091,0.9664021305639571,0,0.04416370011509328
0.85,6,0.1875,no_mitigation,2,73912,18.5984365940094,149434,0.12977378352390814,0.10591987089265231,0.18905330109902646,0.746662465691247,1.0052880136933382,1.1054191757075529,7.049314348654886,2716.981818181818,158.63636363636363,0.9416130197946919,0,0.044146579760964706
0.85,6,0.1875,no_mitigation,3,72337,18.19336485862732,149426,0.17124985861445022,0.16115665678061752,0.2317867459442855,1.0619652904359143,1.218367142835426,1.3253026361639115,6.589645824445013,2716.836363636364,123.03636363636363,0.9547133698285439,0,0.04415563556543038
0.85,6,0.1875,no_mitigation,4,75971,18.27404284477234,149418,0.21888670156033804,0.20749968290131093,0.288177837300498,1.29502478590383,1.430053605256631,1.5614334841715092,6.2410928431141635,2716.690909090909,126.89090909090909,0.9532921067073579,0,0.04414461443735025
0.85,6,0.1875,no_mitigation,6,46923,18.06288504600525,149051,0.10217338218749564,0.07922841853669382,0.1765100070537997,0.7322823753038747,0.9402724959293924,1.041722326849893,9.242673132049527,2710.018181818182,748.7272727272727,0.7237187271470839,0,0.04425330926998142
0.85,6,0.1875,no_mitigation,5,77220,18.401129722595215,149369,0.10597741215905926,0.08895723423081137,0.14378902792654352,0.6481325573439635,0.7703180569313572,0.884795799099189,7.285889258453083,2715.8,286.92727272727274,0.8943488943488943,0,0.04416579075979621
0.85,6,0.1875,no_mitigation,8,44864,18.36553645133972,149209,0.11603415133840385,0.08613866859992214,0.18845909637980898,0.8366663428077958,1.0132831556880681,1.1060127508661282,9.713016887848115,2712.890909090909,465.8,0.8283012418821921,0,0.044226554698443124
0.85,6,0.1875,no_mitigation,7,8327,18.60622549057007,149408,0.2194547886132973,0.19234340304278597,0.30916081429262865,1.2990490338028624,1.5968415474833082,1.74259709678131,6.753800823176111,2716.509090909091,77.92727272727272,0.9713134504176483,0,0.04414756907260656
0.85,6,0.1875,no_mitigation,9,10386,18.46018362045288,148990,0.08118295104572859,0.06192205812640239,0.1389788753261115,0.5392210006629327,0.7478160757108369,0.8621812459918701,8.708060051269825,2708.909090909091,922.0727272727273,0.6596147392442446,0,0.04427142761259145
0.85,8,0.25,adaptive,0,88959,18.629509210586548,140718,1.6098491115097786,1.3934332897483586,2.6891263398261676,9.30880846018503,10.993780264638911,11.226645326830045,6.680483758118135,2558.509090909091,29.072727272727274,0.9886368481644139,0,0.06249378189002118
0.85,8,0.25,adaptive,1,85325,18.83033776283264,140686,1.4619181710881362,1.221231853567577,2.4294056398848625,8.660001436903688,10.293487305560292,10.506109353764735,7.09120173340163,2557.927272727273,44.92727272727273,0.9824360632898795,0,0.06252932061470225
0.85,8,0.25,adaptive,2,55028,18.404890775680542,140720,1.4976323322712004,1.2992927161864056,2.5140932723770177,9.010260900232144,10.40823618169384,10.642179743470024,6.9347428704737455,2558.5454545454545,20.236363636363638,0.9920906765207504,0,0.06251421262080728
0.85,8,0.25,adaptive,5,45456,18.422670364379883,140704,1.5974426481107615,1.3699561856750648,2.7690356524754307,9.631165590280848,11.289450070625588,11.495736328112145,7.030272713090425,2558.2545454545457,33.236363636363635,0.9870081874005003,0,0.06249289288151012
0.85,8,0.25,adaptive,3,43397,18.716026306152344,140712,1.6277227869483473,1.4293421503954349,2.6396477966189176,9.454889533738658,11.20464585299837,11.367132599062963,6.614853925019222,2558.4,37.018181818181816,0.9855307294331684,0,0.06250355335721189
0.85,8,0.25,adaptive,4,52969,18.914300680160522,140719,1.5205318107923678,1.3042203471436977,2.5667615792679537,9.046024501475912,10.648553814459028,10.920026174975384,6.935963329576264,2558.5272727272727,17.618181818181817,0.9931139362843682,0,0.06245780598213461
0.85,8,0.25,adaptive,6,19038,19.326770544052124,140731,1.3794397160134697,1.172428833690546,2.3651538795738354,8.220305510712675,9.897886314098137,10.036041565520499,7.011347106533517,2558.7454545454543,31.436363636363637,0.9877141496898338,0,0.06251643205832404
0.85,8,0.25,adaptive,7,79387,18.695549726486206,140708,1.5727970151766564,1.3917002925695172,2.580040827899479,9.128200843395737,10.497827953091427,10.70843165170323,6.559027753412484,2558.327272727273,23.472727272727273,0.9908249708616426,0,0.062484009437985044
0.85,8,0.25,adaptive,8,16979,18.537744998931885,140730,1.5841572986479726,1.4240519138959264,2.6085708891160815,9.439577784924975,10.716399257078386,10.958345201621718,6.628675326238735,2558.7272727272725,25.345454545454544,0.9900945072123926,0,0.06250977048248418
0.85,8,0.25,no_mitigation,0,69276,18.225708484649658,140728,1.5909983691504241,1.3944698769305823,2.5284617478082745,9.193343821317697,10.632471266697161,10.824435357640454,6.592715965692637,2558.690909090909,25.78181818181818,0.9899238246830766,0,0.06249644704678529
0.85,8,0.25,adaptive,9,81446,18.85521125793457,140689,1.588674419886945,1.4109478953409678,2.578061213308465,9.585277016771013,10.87939647274779,11.04013649065135,6.793501764609562,2557.981818181818,29.654545454545456,0.9884070538563783,0,0.06252798726268578
0.85,8,0.25,no_mitigation,1,29149,18.184234380722046,140693,1.6924360338358462,1.4891297810268114,2.800671517330172,9.969205833420602,11.309239468378799,11.497561271772554,6.694652111884068,2558.0545454545454,27.181818181818183,0.9893740271370999,0,0.062497778851826315
0.85,8,0.25,no_mitigation,2,35345,18.448215007781982,140675,1.5819236289161436,1.4122112661487378,2.542417623260792,9.526080926777007,10.909150902925015,11.042505142225771,6.745506961402258,2557.7272727272725,54.69090909090909,0.978617380486938,0,0.06253421005864582
0.85,8,0.25,no_mitigation,3,36920,18.338155031204224,140694,1.4391976153543786,1.2118593641384514,2.5455163611520835,8.669181603924777,10.27208553796554,10.604572532996336,7.153620181074368,2558.072727272727,51.41818181818182,0.9798996403542439,0,0.0625115498884103
0.85,8,0.25,no_mitigation,4,61505,17.971219301223755,140664,1.693619414988504,1.4472851934039461,2.814584721255336,10.01172489104169,11.769780831291675,11.992940596715975,6.91758952324703,2557.5272727272727,48.14545454545455,0.9811749985781721,0,0.06250355456975487
0.85,8,0.25,no_mitigation,5,34861,17.88561224937439,140711,1.7156412333755637,1.5138464643568952,2.7980333302641736,9.742409956412315,11.504218708130848,11.77124828624276,6.43553371216614,2558.3818181818183,20.581818181818182,0.9919551420997648,0,0.062461356965695644
0.85,8,0.25,no_mitigation,7,930,18.316579580307007,140711,1.6035569558607146,1.3987311966158131,2.7726382453574843,9.283221457672695,10.746910631946047,10.938385782778504,6.636887402049202,2558.3818181818183,26.418181818181818,0.9896738705573835,0,0.06250399755527286
0.85,8,0.25,no_mitigation,6,95436,18.696224689483643,140697,1.6430948691329565,1.410992367424278,2.798765415898596,9.498895577117983,11.317588389619905,11.616854463950709,6.732067299880521,2558.1272727272726,43.14545454545455,0.9831339687413377,0,0.06251021699112276
0.85,8,0.25,no_mitigation,8,97495,18.356536388397217,140708,1.5205052436936655,1.3415486275929638,2.5111832017719604,8.971388247195836,10.655535042721944,10.806020121698559,6.687337352275109,2558.327272727273,25.12727272727273,0.9901782414645933,0,0.06249822327088723
0.85,8,0.25,no_mitigation,9,98871,18.24220323562622,140713,1.5876974045820162,1.3784634232802233,2.6076247003926625,9.459185541184672,10.912994234300736,11.175400525574311,6.862122985226097,2558.418181818182,28.618181818181817,0.9888141109918771,0,0.06248889583762694
0.9,2,0.0625,adaptive,0,4493,19.72129487991333,157548,0.024378327776964873,0.021552236834754268,0.03841610755917983,0.15789320380217306,0.23866406736112647,0.3598867669110959,7.326070375561243,2864.509090909091,2819.1454545454544,0.015836443496585167,0,0.013963998273542031
0.9,2,0.0625,adaptive,2,38424,19.645108461380005,157782,0.024537733636021068,0.02187015229094058,0.03814150521140201,0.16589544880495607,0.23839462320006918,0.3072060860951069,7.585472958671443,2868.7636363636366,2827.8,0.01427919534547667,0,0.013930613124437516
0.9,2,0.0625,adaptive,1,8127,19.893836498260498,158509,0.025255826876807295,0.02269457851817691,0.03918403360304836,0.1688105405650836,0.24235006278319418,0.334831498344375,7.438364207992544,2881.981818181818,2837.8545454545456,0.015311433420184343,0,0.013873029291712143
0.9,2,0.0625,adaptive,4,40483,19.450135469436646,158529,0.024996170836700547,0.022424141114584017,0.038753917604358895,0.16674749843064568,0.24148039305580565,0.3428529321487126,7.436070687327145,2882.3454545454547,2838.4,0.01524642179033489,0,0.013871279071967904
0.9,2,0.0625,adaptive,3,57942,19.86859393119812,158397,0.024790149666144148,0.022298332040328717,0.03829066657064572,0.16706594888192605,0.23723428893304502,0.29742494234129424,7.492306984207201,2879.9454545454546,2838.509090909091,0.014387898760708851,0,0.01387652543924443
0.9,2,0.0625,adaptive,6,74414,19.976205348968506,157839,0.025005109304556104,0.02202673425937718,0.03992011328618333,0.16393621886303703,0.24508089187250026,0.3448501020928063,7.442602109445544,2869.8,2815.0,0.019095407345459614,0,0.013931917967042367
0.9,2,0.0625,adaptive,5,12708,20.026297092437744,157908,0.024653366701199064,0.021854114943893777,0.03875442196148988,0.1634667885362483,0.2426888226859254,0.29701673096673176,7.479908884707422,2871.0545454545454,2826.927272727273,0.015369708944448666,0,0.013925830230260658
0.9,2,0.0625,adaptive,9,76718,19.35312843322754,158114,0.02464426973118089,0.02210281150556881,0.03813703279901626,0.1633260891974974,0.23835320514277653,0.34383306622575205,7.3893807200204975,2874.8,2833.890909090909,0.014230238941523204,0,0.013901362308208001
0.9,2,0.0625,no_mitigation,0,29653,18.72878408432007,159023,0.02576676092328569,0.023128762932309144,0.040066862099544985,0.17069830297084793,0.24480971526528092,0.3466702987440584,7.380347296153709,2891.327272727273,2841.2363636363634,0.017324537959917747,0,0.013821899976732926
0.9,2,0.0625,adaptive,7,72839,19.77906894683838,158230,0.02513569824636207,0.022439285125369857,0.03938891898076697,0.16427104551733038,0.2446964771315148,0.34521821406018915,7.320689790228902,2876.909090909091,2831.3454545454547,0.015837704607217343,0,0.013878531251974973
0.9,2,0.0625,adaptive,8,76473,19.644028425216675,158718,0.0254095672730882,0.02280188343013556,0.039385747038159995,0.16880589827082285,0.2430357725571501,0.3265580777621979,7.403155918590681,2885.7818181818184,2841.0363636363636,0.01550548772035938,0,0.013861061757330612
0.9,2,0.0625,no_mitigation,1,68772,18.805883407592773,158191,0.024606244898873676,0.02196867216644449,0.038235265099306304,0.16715477084652017,0.23893560591227814,0.3211559438007434,7.608778973079521,2876.2,2834.4,0.014533064460051457,0,0.01390723871775259
0.9,2,0.0625,no_mitigation,2,27594,19.289199352264404,158616,0.02562916814718138,0.022963715459735745,0.03994871669639899,0.16859446714901602,0.24714602051664444,0.33740584117466454,7.341776527610577,2883.927272727273,2835.836363636364,0.016675493014576083,0,0.01385736621778383
0.9,2,0.0625,no_mitigation,3,70831,19.413099765777588,158072,0.02479793031926596,0.02213192773794148,0.03871100145632891,0.1644323708523661,0.24120255452762182,0.31989298788783316,7.429645207564741,2874.0363636363636,2831.418181818182,0.01482868566222987,0,0.013911382154967357
0.9,2,0.0625,no_mitigation,4,93663,19.598604679107666,159234,0.02572136100551372,0.023241477960445955,0.03947642044619411,0.16938458740920628,0.24572362454072566,0.3387098307409495,7.28802994790079,2895.163636363636,2850.818181818182,0.015317080523003882,0,0.013791024529937074
0.9,2,0.0625,no_mitigation,6,91604,18.551453828811646,158085,0.025037673098819508,0.022261870312902943,0.03935555903703827,0.16681992059695533,0.24169568190398272,0.367015324830092,7.4935267456062205,2874.2727272727275,2825.5272727272727,0.016959230793560428,0,0.013903912452161812
0.9,2,0.0625,no_mitigation,5,4762,18.846110343933105,158809,0.02534283717534907,0.022832451881583893,0.039156026540494444,0.16764164848072885,0.24190937236846385,0.3190460048248127,7.342253444797341,2887.4363636363637,2844.927272727273,0.014722087539119319,0,0.013834228538684835
0.9,2,0.0625,no_mitigation,8,46370,18.93167781829834,157720,0.02447582467006448,0.021771312622852257,0.03813443899579098,0.16439786597775097,0.2390117399132833,0.2991752722900678,7.551123298151107,2867.6363636363635,2826.018181818182,0.014513061120973877,0,0.01394242962211514
0.9,2,0.0625,no_mitigation,7,6821,19.07696843147278,158299,0.024994849316594573,0.022379649346063957,0.03890247543365355,0.16542565956384012,0.2419953178569805,0.33781291917467726,7.391789612330745,2878.163636363636,2835.1272727272726,0.014952716062640951,0,0.01389775045957334
0.9,2,0.0625,no_mitigation,9,40752,19.001944541931152,157837,0.024616461672424546,0.021858386833535803,0.03868225931959017,0.16095626572135913,0.2401144553323978,0.3267677205783279,7.363593065999505,2869.7636363636366,2825.6181818181817,0.015382958368443394,0,0.013919423202417684
0.9,4,0.125,adaptive,1,78428,19.631553173065186,157659,0.0821556543655997,0.061315724287410944,0.1608211322962252,0.5141715235346997,0.8724737201960772,0.9870237891991458,8.38563891253368,2866.5272727272727,1108.4,0.6133300350757014,0,0.02789564820276673
0.9,4,0.125,adaptive,2,48131,19.62517786026001,157775,0.07463553911647798,0.06052448141409883,0.12876458931823792,0.4649075117990635,0.7168011017757092,0.8400948486048208,7.6813134278382424,2868.6363636363635,1069.4545454545455,0.6271906195531611,0,0.027887814926319126
0.9,4,0.125,adaptive,0,17938,20.085776329040527,158302,0.1744663630466024,0.16024501392005952,0.23096982647904832,0.974036435125941,1.2234005768698326,1.3302750220934811,6.078419610683505,2878.2181818181816,82.6,0.9713016891763844,0,0.02776970600497783
0.9,4,0.125,adaptive,3,44497,19.728700876235962,158184,0.14921224375747308,0.1455008378483882,0.19121935976481394,0.8697044414596268,1.02026362342126,1.180472647570305,5.977315693301082,2876.072727272727,235.5090909090909,0.9181143478480757,0,0.027809386537197188
0.9,4,0.125,adaptive,4,46072,19.606868743896484,157959,0.0880087979115448,0.07930092712572545,0.12954526134539252,0.5580135903500671,0.722685019026799,0.8237363130615805,7.036659098138664,2871.981818181818,609.5818181818182,0.7877487196044544,0,0.027836337277394766
0.9,4,0.125,adaptive,5,42438,20.244556665420532,158224,0.09549024601900928,0.08299432083641278,0.13740323192249382,0.5662295876572182,0.7459899794463333,0.9085715207724903,6.822510045877641,2876.8,282.8909090909091,0.9016647284861968,0,0.027789715845889372
0.9,4,0.125,adaptive,6,12141,19.379311084747314,158002,0.0781027655601783,0.06326300715775535,0.13101508754962624,0.456053677025546,0.7258680268582559,0.8228327155441519,7.208852337485491,2872.7636363636366,879.3818181818182,0.693889950760117,0,0.027835090695054493
0.9,4,0.125,adaptive,7,86284,19.850810766220093,157518,0.05839222405704015,0.05024466726057497,0.08783756819742122,0.3826479685114913,0.5031936632514163,0.6372116516321427,7.6156931545995175,2863.9636363636364,1421.2363636363636,0.5037519521578486,0,0.027895224672735815
0.9,4,0.125,adaptive,8,10082,19.91294527053833,158000,0.11232898788848122,0.1077560642241675,0.18253955904307195,0.7404375171831251,0.956861049340915,1.2004589370100405,6.871423177100969,2872.7272727272725,626.4909090909091,0.7819177215189873,0,0.02781645569620253
0.9,4,0.125,adaptive,9,88343,19.939108848571777,157992,0.11620674489715828,0.09427457812823814,0.20899688938710204,0.7196614845561925,1.0887119687532671,1.2094684986823125,7.6336749402077855,2872.581818181818,525.8,0.8169590865360271,0,0.0278368524988607
0.9,4,0.125,no_mitigation,0,16208,18.942803382873535,158040,0.07666222760646772,0.0654834773638493,0.12336316284765075,0.45980886001344,0.6677841621431905,0.8240162785959981,7.021753861032453,2873.4545454545455,746.0181818181818,0.740375854214123,0,0.02782207036193369
0.9,4,0.125,no_mitigation,1,39042,19.316004991531372,158112,0.16282896951750592,0.147082693935765,0.24466400152032622,0.9585390238814195,1.2882578620548122,1.3945605676976243,6.5170075297916386,2874.7636363636366,312.41818181818184,0.8913238716858936,0,0.027815725561627203
0.9,4,0.125,no_mitigation,2,14149,18.678269863128662,157305,0.05677235266341446,0.047914049893158506,0.08974364255442138,0.3763152374549279,0.5195363015121632,0.6736491628165808,7.8539643026222405,2860.090909090909,1548.4727272727273,0.45859317885636186,0,0.02795206763929945
0.9,4,0.125,no_mitigation,3,84276,19.143452882766724,158090,0.1386920318940308,0.12891458609080964,0.21458810015677937,0.7924765599692148,1.1435030222211122,1.2471809354091903,6.147299417390836,2874.3636363636365,270.96363636363634,0.9057309127712063,0,0.027819596432411917
0.9,4,0.125,no_mitigation,4,80218,19.557628870010376,158108,0.10086506221368029,0.094236702181977,0.14714577284355615,0.6313867112369667,0.7970791191747343,0.8824585673076584,6.7000085594858705,2874.690909090909,513.6727272727272,0.8213120145723176,0,0.0278037796948921
0.9,4,0.125,no_mitigation,5,81793,19.607019424438477,157862,0.1082469499938289,0.09434496002382353,0.16778805658408089,0.73494390511744,0.9038433675980794,0.976372763509957,7.789964667236655,2870.2181818181816,643.5454545454545,0.7757851794605415,0,0.027840772320127705
0.9,4,0.125,no_mitigation,7,79734,19.219331979751587,157905,0.07703556016044688,0.06740065632565972,0.12268849541088966,0.4794465832252773,0.6820479631373079,0.8256014659830981,7.113381521223405,2871.0,821.7454545454545,0.7137772711440423,0,0.02783319084259523
0.9,4,0.125,no_mitigation,6,78159,19.273284673690796,157857,0.07558228786808666,0.06878743613888183,0.10701978267728832,0.482249938899357,0.5990390277719487,0.6932303236357882,7.0107270450623345,2870.1272727272726,784.1090909090909,0.7268033726727354,0,0.027860658697428684
0.9,4,0.125,no_mitigation,8,50563,19.696074724197388,158087,0.10708852906879253,0.10148915703046058,0.15111826802624848,0.6459840142799743,0.8253004899525705,0.9387171377652308,6.365054486422536,2874.309090909091,402.07272727272726,0.8601149999683718,0,0.027813798731078455
0.9,4,0.125,no_mitigation,9,45803,19.522747039794922,157740,0.06349525788658737,0.05302455006208717,0.09978790949003748,0.3988098325595661,0.5701932806008931,0.6491951326122987,7.521229922603665,2868.0,1304.8727272727272,0.5450234563205274,0,0.02786230505895778
0.9,6,0.1875,adaptive,1,63931,19.479308605194092,149495,1.5856870862848633,1.474805080359829,2.6646846343985002,8.823113795024755,11.346563170197987,11.674672321505632,5.982562653548803,2718.090909090909,38.0,0.9860195993177029,0,0.04411518779892304
0.9,6,0.1875,adaptive,0,60297,20.09306526184082,149512,1.744918667500838,1.5846437984814052,2.8931554324167656,10.005956602380278,12.218885962156245,12.46322056881602,6.31432540989286,2718.4,23.69090909090909,0.9912849804697951,0,0.04412354861148269
0.9,6,0.1875,adaptive,2,94228,20.26018261909485,149514,1.6771432827337973,1.514730676913329,2.9110466805586794,9.506181879594601,11.974367281542202,12.296421014545722,6.2758231707342205,2718.4363636363637,24.163636363636364,0.9911112002889362,0,0.04412295838516794
0.9,6,0.1875,adaptive,3,97862,20.027606964111328,149541,1.5172823673883773,1.3387055999811395,2.675141320577211,8.70251899051732,11.15174918556672,11.506867773165581,6.500696636093795,2718.927272727273,24.12727272727273,0.9911261794424272,0,0.04410830474585565
0.9,6,0.1875,adaptive,4,96287,20.041330337524414,149527,1.5877803499148626,1.4160265238014738,2.6667063709890617,8.880024437637807,11.304210992523233,11.599137505312385,6.271086232056189,2718.672727272727,28.381818181818183,0.9895604138383034,0,0.044099059032816815
0.9,6,0.1875,adaptive,5,56904,20.04270315170288,149499,1.5751386651586448,1.4495440638586103,2.708472032630243,9.088648849674795,11.207803744533377,11.525318118655754,6.270005221835953,2718.163636363636,51.054545454545455,0.9812172656673289,0,0.04412738546746132
0.9,6,0.1875,adaptive,7,22973,19.70765519142151,149502,1.590663974445362,1.4389671216026922,2.6959872327958023,8.978691758318242,11.415580945524091,11.631006129727709,6.239678185501527,2718.2181818181816,28.927272727272726,0.9893580018996402,0,0.04412649997993338
0.9,6,0.1875,adaptive,6,30218,19.886670112609863,149531,1.3889676358435539,1.2560365362309156,2.423676105855609,8.255042003594285,10.246540476673717,10.518210451786715,6.572294487838561,2718.7454545454543,29.363636363636363,0.9891995639700129,0,0.044124629675451915
0.9,6,0.1875,adaptive,9,20914,19.59742259979248,149518,1.3767417086765728,1.2898551605272495,2.2543688379701643,7.969051845020072,9.480771400609092,9.756530724116459,6.17825325578617,2718.509090909091,23.545454545454547,0.9913388354579382,0,0.0441084016640137
0.9,6,0.1875,adaptive,8,32277,20.048439741134644,149514,1.417063185875498,1.2296224023931153,2.579459586496575,8.24377245850569,10.620526759366118,10.874571936308357,6.704312187596369,2718.4363636363637,36.763636363636365,0.9864761828323769,0,0.04410958171141164
0.9,6,0.1875,no_mitigation,0,26151,18.891377925872803,149518,1.4631228327705452,1.3317033256915263,2.519415626493767,8.496168684151293,10.60475856358458,10.89206357127209,6.37992600922537,2718.509090909091,31.90909090909091,0.9882622828020706,0,0.04410171350606616
0.9,6,0.1875,no_mitigation,1,24576,18.96627688407898,149486,1.449483122870397,1.2813848152375122,2.558092262193137,8.25288633913386,10.513075754520491,10.784449952783376,6.440599452245062,2717.927272727273,27.163636363636364,0.9900057530471081,0,0.044117843811460604
0.9,6,0.1875,no_mitigation,2,28210,19.204251050949097,149514,1.4903303625242175,1.3263170425459805,2.575157581919138,8.535638791985624,10.77861144834425,11.029939361513009,6.435594596297071,2718.4363636363637,44.945454545454545,0.9834664312372086,0,0.04412295838516794
0.9,6,0.1875,no_mitigation,3,26635,19.150378704071045,149513,1.6067819329682378,1.4310603675257028,2.7115087452417073,8.930364768477931,11.362207717056384,11.637615220901282,6.240382985323319,2718.418181818182,40.236363636363635,0.9851986114919773,0,0.04410318835151458
0.9,6,0.1875,no_mitigation,4,37859,19.398284673690796,149519,1.6401211445331492,1.496183949991341,2.875751007351672,9.330173648415904,11.885372930885856,12.135679403438019,6.235980307414675,2718.5272727272727,23.381818181818183,0.9913990864037346,0,0.044094730435596814
0.9,6,0.1875,no_mitigation,5,60566,19.189720630645752,149517,1.426458016965559,1.214868295060917,2.5752502537173,7.895486255800076,10.5401132727851,10.727641660384883,6.4990470883958436,2718.490909090909,32.345454545454544,0.988101687433536,0,0.04411538487262318
0.9,6,0.1875,no_mitigation,6,92625,19.252584218978882,149478,1.3701273232760558,1.2284656166212784,2.5268745212865333,7.821949046826911,10.408919131197413,10.63062332921178,6.367251098439434,2717.7818181818184,48.763636363636365,0.9820575603098783,0,0.04412689492768167
0.9,6,0.1875,no_mitigation,7,62625,19.249213933944702,149520,1.564561356817129,1.4380166921460606,2.6044202393407336,8.817868895833458,11.132166491493548,11.43347173477531,6.131965605123741,2718.5454545454545,27.09090909090909,0.9900347779561263,0,0.044127875869448906
0.9,6,0.1875,no_mitigation,9,96556,18.876112699508667,149509,1.4865552550458585,1.3132673880545127,2.570984622287722,8.405548570189845,10.814690167850816,11.192602908878513,6.400485268001597,2718.3454545454547,23.763636363636362,0.991258051354768,0,0.044077614056678864
0.9,6,0.1875,no_mitigation,8,58694,19.11671757698059,149531,1.4769051321788575,1.2419389438529613,2.6624648455399758,8.304082338444333,11.036754253017609,11.297198641845505,6.686385332826386,2718.7454545454543,35.0,0.9871264152583745,0,0.0441112545224736
0.9,8,0.25,adaptive,0,73742,19.63209581375122,140725,2.929341388140312,2.6455716988268883,4.939669480483729,15.483430063986063,17.943260398560028,18.34894515700988,5.852583799128104,2558.6363636363635,18.454545454545453,0.9927873512169124,0,0.062476461183158645
0.9,8,0.25,adaptive,1,90752,19.90942406654358,140753,2.8938194673872113,2.5928458457837777,4.959343291564896,15.395975632345802,18.071294067895554,18.3825192188581,5.93786771295377,2559.1454545454544,15.49090909090909,0.9939468430513027,0,0.06247824202681293
0.9,8,0.25,adaptive,2,92327,19.504950761795044,140727,2.940111628094102,2.589789990287496,5.003561985332466,15.440845745972371,18.05965491017737,18.41652567958471,5.962199948212118,2558.672727272727,23.0,0.9910109644915333,0,0.062496891143845885
0.9,8,0.25,adaptive,3,88693,19.402344942092896,140708,3.0302733780857607,2.6714255494314934,5.15523480203374,15.806062071945641,18.717415869637097,19.030115215671636,5.916714420624349,2558.327272727273,17.98181818181818,0.9929712596298718,0,0.06246979560508287
0.9,8,0.25,adaptive,5,8157,18.065552949905396,140736,2.8040256572909343,2.4797551383999856,4.790712928268089,14.69705237066426,17.5302938843999,17.849037267612346,5.926815975930289,2558.836363636364,18.01818181818182,0.9929584470213734,0,0.06249289449749886
0.9,8,0.25,adaptive,6,56337,18.2856867313385,140711,2.9359589520580074,2.648750153730738,5.0306728974874595,15.536754070888128,18.292503037974708,18.60717569076754,5.865692560321238,2558.3818181818183,19.745454545454546,0.9922820532865234,0,0.06252531785006148
0.9,8,0.25,adaptive,7,42088,18.24880337715149,140739,2.9429066110841804,2.6366810226794932,4.9551443851324475,15.410561320799411,18.038567078136353,18.324082901779413,5.844681699547648,2558.890909090909,14.127272727272727,0.9944791422420225,0,0.06249156239564016
0.9,8,0.25,adaptive,4,9732,18.828527688980103,140746,2.962961988021235,2.6724060850174336,5.008801070393918,15.518239471930332,18.264177352996885,18.538333371401727,5.806841841489482,2559.018181818182,15.090909090909092,0.9941028519460589,0,0.062481349381154704
0.9,8,0.25,adaptive,8,45722,18.479741096496582,140728,2.8404975673695234,2.5014555324746155,4.866253398995303,15.154033225390746,17.67914164682196,17.988905739608498,6.0580861936807295,2558.690909090909,18.654545454545456,0.9927093400034108,0,0.06249644704678529
0.9,8,0.25,no_mitigation,0,25595,17.603156805038452,140728,2.993090809792064,2.692146243141881,5.065738020815403,15.90037263795197,18.467291831843365,18.846279040648014,5.906206870617612,2558.690909090909,14.49090909090909,0.9943365925757489,0,0.06248934114035586
0.9,8,0.25,adaptive,9,44147,18.15235137939453,140750,3.044313543501687,2.7611576575257306,5.1633959687871505,16.0168843574164,18.787428688485242,19.089177741043216,5.800785881878657,2559.090909090909,14.327272727272728,0.9944014209591474,0,0.06247246891651865
0.9,8,0.25,no_mitigation,1,29229,17.050837993621826,140729,2.860129400324738,2.5173685361368356,4.870790637482881,15.12265966351879,17.795396601943818,18.07875188421081,6.00732846479685,2558.7090909090907,14.345454545454546,0.9943934796665932,0,0.062481791244164316
0.9,8,0.25,no_mitigation,2,59526,15.739901065826416,140725,2.846272461497595,2.5282621455605323,4.881216973338843,15.206027278200008,17.75801669992171,18.102369189036374,6.014418759898306,2558.6363636363635,18.29090909090909,0.9928513057381417,0,0.062476461183158645
0.9,8,0.25,no_mitigation,3,36840,15.807804107666016,140729,3.0114065804888868,2.6857763216792314,5.143033143181019,15.813377900726751,18.39864271168866,18.713476068236325,5.887823856768434,2558.7090909090907,14.472727272727273,0.9943437386750421,0,0.06247468538822844
0.9,8,0.25,no_mitigation,4,61585,15.464375257492065,140728,2.8847204321099666,2.6083402102767863,4.887979578013899,15.324379411219082,17.77713434140672,18.05893136456521,5.875145945625292,2558.690909090909,13.10909090909091,0.9948766414643851,0,0.06247512932749701
0.9,8,0.25,no_mitigation,5,91606,15.839210271835327,140753,2.8864129755535215,2.5896224369181446,4.952575715435693,15.283468120418847,17.936924463178894,18.279021146009597,5.901813292368359,2559.1454545454544,16.87272727272727,0.9934068900840479,0,0.06248534667111891
0.9,8,0.25,no_mitigation,6,95516,14.057808637619019,140712,2.82975359106375,2.529639011657853,4.774432893791547,15.020484997760605,17.640780450333782,17.94024831478695,5.9377978156324405,2558.4,15.636363636363637,0.9938882255955427,0,0.06250355335721189
0.9,8,0.25,no_mitigation,7,93941,13.621248722076416,140723,2.9528959088368967,2.6456055903054363,5.000698987383906,15.671072179764176,18.26013455016339,18.547493024914047,5.92343478453073,2558.6,15.309090909090909,0.9940166141995267,0,0.06247734911848099
0.9,8,0.25,no_mitigation,8,97575,13.627484321594238,140735,3.015702634425879,2.6566863337832984,5.161499118615909,15.745167374825934,18.382710901977728,18.725641782396885,5.926618876532468,2558.818181818182,15.909090909090908,0.9937826411340462,0,0.06249333854407219
0.9,8,0.25,no_mitigation,9,55616,12.872096538543701,140730,2.8954400712003956,2.5720592150937467,5.002273137489733,15.245361283801465,17.946758666893846,18.242040247455158,5.927297938685211,2558.7272727272725,14.527272727272727,0.9943224614510054,0,0.062474241455268954
