param_name,param_value,run_id,seed,elapsed_sec,total,avg_latency,p50_latency,p95_latency,p99_latency,p999_latency,max_latency,tail_ratio,throughput,goodput,slo_violation_rate,hedge_count,affected_ratio
decision_epoch,0.5,1,74818,15.85731315612793,140474,0.01866340292646654,0.01801742412190066,0.030301456137251395,0.03759069385113476,0.057191279564930815,0.19540870388337872,2.086352277484675,2554.072727272727,2551.2545454545457,0.0011034070361775133,0,0.012706977803721686
decision_epoch,0.5,5,22111,16.406439304351807,141019,0.0187421110541788,0.01767148078424796,0.03049706419992052,0.04467428204327647,0.1281253073301988,0.19866677184294268,2.528044060863214,2563.981818181818,2541.6,0.00872932016253129,0,0.028676986789014248
decision_epoch,0.5,3,76877,16.439406394958496,140644,0.01856106441591181,0.01798207205384239,0.029966194140733475,0.03723453253781623,0.0475275324440602,0.16636142490004602,2.070647499705686,2557.163636363636,2555.0545454545454,0.0008247774522908905,5,0.012648957651943914
decision_epoch,0.5,6,42383,16.502317428588867,140941,0.01876402366759776,0.01811617496499096,0.030485041293836446,0.03768095070483219,0.06458011318787782,0.20471214128838788,2.0799617346183537,2562.5636363636363,2559.7454545454543,0.001099750959621402,0,0.012359781752648272
decision_epoch,0.5,2,78373,16.61198139190674,140795,0.01852394555264445,0.017968010076415908,0.02980066823248641,0.036801628174546255,0.050368089233555256,0.2110292150258246,2.0481749519302976,2559.909090909091,2557.309090909091,0.0010156610675094997,0,0.012947902979509216
decision_epoch,0.5,0,12304,16.828088998794556,140838,0.018728280712834305,0.018079603026158964,0.030682262899142103,0.03777619872323982,0.0491901578187883,0.19244530723928932,2.089437399072441,2560.690909090909,2558.3636363636365,0.0009088456240503273,0,0.012993652281344524
decision_epoch,0.5,4,76314,16.816978693008423,140849,0.018713204044267087,0.018110652671968097,0.030238671702604598,0.03769034864631777,0.05576849171305377,0.19224586679236033,2.0811148736044935,2560.890909090909,2557.7454545454543,0.0012282657313860944,0,0.012552449786650953
decision_epoch,0.5,7,43958,16.854861736297607,140884,0.018869276241188865,0.01816692206736903,0.031203721913339606,0.038440368436182294,0.050810688269706875,0.18981861639371367,2.11595383596806,2561.5272727272727,2558.8,0.0010647057153402798,0,0.012648703898242526
decision_epoch,0.5,8,40324,16.93749976158142,140503,0.01867085598149933,0.018006026840247102,0.030574607017322813,0.03771915887396361,0.049611598393805675,0.1956385306043522,2.094807433567392,2554.6,2552.090909090909,0.0009821854337629802,0,0.012633182209632535
decision_epoch,0.25,7,18476,17.312532901763916,140864,0.01879164738484457,0.01817762140857937,0.030904633293515362,0.03772600847635926,0.04579306865755229,0.15914255036472547,2.075409517471497,2561.163636363636,2559.8,0.0005324284416174467,0,0.012274250340754203
decision_epoch,0.25,3,2359,17.340231895446777,140329,0.01857943274429859,0.01796670796748856,0.03061502541265782,0.037680045686063014,0.04647356218736716,0.08010241055090006,2.0972147905028837,2551.4363636363637,2550.018181818182,0.0005558366410364215,0,0.013247439944701381
decision_epoch,0.25,9,16417,17.439911365509033,141213,0.018986646660543404,0.018315670516813043,0.03136401471080745,0.037922875998918366,0.04859885945637294,0.16497677661770638,2.0705152980398234,2567.509090909091,2565.490909090909,0.0007860466104395487,0,0.012272241224249893
decision_epoch,0.25,6,34715,17.48787808418274,140119,0.019159152080990057,0.017759494563314604,0.03037905664658318,0.039741867674003103,0.17379664047280036,0.22741809868084317,2.2377814600702095,2547.6181818181817,2527.2545454545457,0.007993205775091173,0,0.01969040601203263
decision_epoch,0.25,8,36774,17.58137798309326,140867,0.018811644015774186,0.018182426959214126,0.03078468456750186,0.03751879642173229,0.04510958511086091,0.17710301496084924,2.0634647127081824,2561.2181818181816,2559.8545454545456,0.0005324171026571163,0,0.011911945310115215
decision_epoch,0.25,1,68428,17.636455297470093,140472,0.019280096910749982,0.0178200474313428,0.03079305050713863,0.03987456718810299,0.17555839477862778,0.22794510068763785,2.2376240771373923,2554.0363636363636,2533.2181818181816,0.008151090608804602,0,0.019761945441084346
decision_epoch,0.25,5,52407,17.91170907020569,140139,0.018331379678517952,0.017802668269709443,0.029773398648922013,0.0367460851364612,0.046221391816201746,0.16490820889865532,2.0640773944534625,2547.981818181818,2545.836363636364,0.000842021136157672,0,0.012658860131726358
decision_epoch,0.25,2,98725,17.92217469215393,140245,0.019471182518627353,0.017921196942047857,0.0316981991516343,0.04185547535045145,0.17503420456951416,0.25828364394946846,2.335529009909347,2549.909090909091,2528.909090909091,0.008235587721487397,0,0.01960854219401761
decision_epoch,0.25,4,784,17.932061195373535,140629,0.018735717161056268,0.018130715086293492,0.03073895544487897,0.03760808008174252,0.04552289819276742,0.16741665151256058,2.074274506148606,2556.890909090909,2555.490909090909,0.0005475399810849825,0,0.011761443230059234
decision_epoch,0.25,0,86822,18.03361701965332,140977,0.01915871452122001,0.017683176453118676,0.031061055410931675,0.07975061461394276,0.12914857898144078,0.1970752824844091,4.509971091753576,2563.2181818181816,2524.6545454545453,0.015045007341623102,0,0.027344886045241424
decision_epoch,0.5,9,58101,16.303743600845337,140335,0.018548601708639506,0.017909793211505765,0.03037743225429494,0.037629606555671,0.05470375586422535,0.14193862118000666,2.101063150829495,2551.5454545454545,2548.6545454545453,0.0011330031709837175,0,0.012954715502191185
decision_epoch,1.0,4,25999,15.589550018310547,140557,0.01898045776291505,0.01814634545954874,0.03178394772586869,0.03874175540979778,0.08698673474904464,0.25473494128041274,2.1349618575354294,2555.581818181818,2549.4545454545455,0.002397603819091187,0,0.01397297893381333
decision_epoch,1.0,3,22365,15.896753787994385,140530,0.018654641034518735,0.01794455669923778,0.030262080417428894,0.03772399333783119,0.09289789639943424,0.21334629495860646,2.1022527315725537,2555.090909090909,2549.4545454545455,0.002205934675869921,0,0.013954315804454566
decision_epoch,1.0,1,74485,16.20378065109253,140817,0.01881135657332253,0.018103378657249536,0.030910352339806466,0.0378906229145025,0.09393519926092106,0.19256501361260092,2.0930138860753003,2560.309090909091,2555.909090909091,0.0017185425055213505,0,0.013308052294822358
decision_epoch,1.0,2,76060,16.18118953704834,141066,0.018469822400983313,0.017682627856398625,0.030357707334583317,0.03945935515697133,0.08140803431249115,0.15833941828695153,2.231532296976583,2564.836363636364,2553.072727272727,0.004586505607304382,0,0.026732167921398493
decision_epoch,1.0,0,90009,16.367281198501587,141147,0.018852910307718188,0.0181265530073631,0.030976172724473724,0.038083476462900764,0.08674826965792382,0.16265783663515698,2.1009773037063946,2566.309090909091,2560.6363636363635,0.0022104614338243106,0,0.013971249831735708
decision_epoch,1.0,7,58355,16.041191577911377,140653,0.018595245217184628,0.01794978813001702,0.03026204274930108,0.037823091586630296,0.061202749150610594,0.1960371836555055,2.1071608930792673,2557.327272727273,2553.672727272727,0.0014290487938401599,0,0.014062977682665852
decision_epoch,1.0,8,38011,15.791377782821655,140267,0.018692127093718404,0.01795611201533376,0.03086148239901759,0.03861633568837098,0.07780688283973411,0.238224568234358,2.1505956108646607,2550.309090909091,2545.109090909091,0.0020389685385728646,0,0.0139234459994154
decision_epoch,2.0,1,36269,15.638166427612305,140635,0.018978378875848176,0.018010579694660578,0.030816029697766464,0.03822923809908937,0.15047424328903114,0.26416282258245616,2.1225989805549026,2557.0,2547.672727272727,0.003647740605112525,0,0.015067372986809827
decision_epoch,1.0,6,40070,16.179864168167114,140212,0.018536501724846215,0.017883464671418103,0.03028878547454789,0.03779424840543034,0.06455556005631286,0.20904413836430713,2.1133627683361746,2549.309090909091,2545.072727272727,0.001661769320742875,34,0.014192793769434857
decision_epoch,1.0,5,56296,16.275387287139893,139837,0.018394082492593188,0.017767771589886294,0.029796682945545425,0.037163691953226385,0.09224834669207965,0.16885029211418967,2.0916349450586456,2542.490909090909,2537.109090909091,0.0021167502163232906,0,0.01392335361885624
decision_epoch,2.0,2,16922,15.597389698028564,140611,0.018903267094168764,0.018047343066278643,0.03134885831848777,0.039304816941837094,0.10186293229912263,0.20956676915968409,2.177872764843592,2556.5636363636363,2545.7090909090907,0.00424575602193285,0,0.01688345861988038
decision_epoch,2.0,0,18981,15.832067489624023,140590,0.018490437746174624,0.017741744805897852,0.029874454761763935,0.03804156086530788,0.10807590124946868,0.20550199563424165,2.1441837475117893,2556.181818181818,2546.090909090909,0.003947649192687958,0,0.020172131730564053
decision_epoch,2.0,4,82991,15.405157327651978,140888,0.0190688667548634,0.018077869266964086,0.0314030667348625,0.03876271606095622,0.14354398785089365,0.2448033648538619,2.1442082298820524,2561.6,2551.672727272727,0.003875418772358185,0,0.015317131338368066
decision_epoch,2.0,7,50635,15.316697597503662,140440,0.018655418483514895,0.01788916356893111,0.030410728841509624,0.03829507283158447,0.10114470813112905,0.1719098725779471,2.140685487279751,2553.4545454545455,2544.4363636363637,0.003531757334092851,0,0.017025064084306464
decision_epoch,1.0,9,92286,16.102438926696777,140479,0.018574537643514646,0.017941136740581953,0.030006104667742763,0.03750588936591633,0.06862241761822864,0.21416569203709201,2.0904968234860997,2554.163636363636,2549.836363636364,0.001694203404067512,0,0.014279714405711887
decision_epoch,2.0,6,80932,15.638046979904175,140398,0.01861428259527503,0.017847219034917927,0.03001505743111287,0.03816932740831235,0.1090600275496338,0.17714020590453927,2.1386708670765118,2552.690909090909,2543.5272727272727,0.003589794726420604,0,0.016873459735893673
decision_epoch,2.0,3,70200,16.005223751068115,140575,0.018507703212585377,0.017678263818634576,0.02993611534594933,0.03918232599231602,0.0972924005630688,0.13537776172951332,2.216412561453807,2555.909090909091,2540.327272727273,0.0060963898274942205,0,0.021099057442646275
decision_epoch,2.0,5,84566,15.778342723846436,140712,0.018641858032481542,0.017766193002410446,0.030370172321420585,0.038940907850439896,0.1280265658583328,0.2238005621678969,2.1918543744941053,2558.4,2545.7818181818184,0.00493205981010859,0,0.02198106771277503
decision_epoch,2.0,8,47001,16.31112313270569,140678,0.01885823435639843,0.018000492553992054,0.030446287854088892,0.038218632287348425,0.11542364200242294,0.19695738991093314,2.1231992498378887,2557.7818181818184,2546.3454545454547,0.004471203741878617,0,0.016072164801888
decision_epoch,2.0,9,48576,16.165414571762085,140230,0.018628632445891528,0.01780639934519712,0.029889751383724843,0.0378753182255609,0.12479254374766272,0.24377137139827276,2.1270621584580445,2549.6363636363635,2540.163636363636,0.003715324823504243,0,0.015253512087285174
theta_iso,0.3,0,68780,17.215086698532104,140747,0.018663633480337866,0.01804755804671032,0.030299594466153934,0.03761724279168163,0.05056761318978421,0.1672856244021368,2.084339759114305,2559.0363636363636,2556.3818181818183,0.0010373222875087924,4,0.012653910918172324
theta_iso,0.3,6,49996,16.767781257629395,140651,0.018684484037501208,0.01804417512831691,0.030496623131375244,0.03757678975902223,0.05280996470474214,0.16317872774068576,2.0824886420024042,2557.2909090909093,2554.5272727272727,0.0010806890814853787,0,0.012754975080162956
theta_iso,0.3,1,84411,17.224182844161987,140724,0.018897175268499603,0.0181269541092135,0.03171449856686231,0.03878599369585934,0.06717518522340152,0.182747802542913,2.1396862077421677,2558.6181818181817,2554.418181818182,0.0016415110428924704,0,0.012997072283334755
theta_iso,0.3,2,54114,17.212138175964355,141504,0.01883959243701198,0.018076386682116308,0.03138997961292507,0.039115071653049255,0.06584590562573943,0.20191131943042429,2.1638766829295237,2572.8,2567.2363636363634,0.002162483039348711,0,0.019031264133876073
theta_iso,0.3,5,48421,17.201453685760498,140910,0.01867331521534888,0.018052331896049267,0.030433384609855438,0.037695038742700804,0.048759844525137486,0.11544760604476956,2.088098034080036,2562.0,2559.7090909090907,0.0008941877794336811,0,0.012944432616563764
theta_iso,0.3,3,1136,17.568134784698486,140274,0.018557975419040654,0.017968350138980682,0.029959371881298935,0.03725191935025461,0.048270006582629435,0.18965653302828045,2.0731964293950393,2550.4363636363637,2548.0545454545454,0.0009338865363502859,0,0.012653806122303492
theta_iso,0.3,4,52055,17.42837905883789,141190,0.018867321261837367,0.01819616542487701,0.030725516190440765,0.03772263923049862,0.057672614352254584,0.2333586721242682,2.0731092705348715,2567.090909090909,2564.2,0.0011261420780508534,0,0.012415893476875132
theta_iso,0.4,2,34364,17.183680534362793,140428,0.018732309361166696,0.018040327044753113,0.030833857483420938,0.03818658306086629,0.056984888108552595,0.21785914860397604,2.1167345229460546,2553.2363636363634,2550.2363636363634,0.001174979348847808,0,0.01221266414105449
theta_iso,0.4,4,68295,16.976248502731323,140784,0.01875295655331924,0.017985148836736187,0.031183012368831163,0.038093881359658695,0.09185912051692106,0.1510343614283851,2.1180742903749965,2559.7090909090907,2552.3454545454547,0.002876747357654279,0,0.01704028866916695
theta_iso,0.3,8,16065,17.477959871292114,140961,0.01884637533656653,0.01818226887682073,0.030885563216322964,0.03773116511300283,0.05194834170399109,0.22359498034591851,2.075162641616393,2562.927272727273,2560.2545454545457,0.0010428416370485453,0,0.012698547825285008
theta_iso,0.4,0,32305,17.365928888320923,141229,0.018844409984392855,0.018172369723862047,0.030921907438479935,0.03807061420921627,0.05465220141561467,0.20444243599566292,2.094972465766308,2567.8,2565.0363636363636,0.001076266205949203,0,0.012929355868837138
theta_iso,0.3,9,82360,17.46259355545044,140591,0.017846142479577488,0.016970896379255862,0.02949803422873032,0.048435755287410676,0.08496980799962896,0.13464911069963925,2.8540481424785225,2556.2,2532.2,0.009388936702918394,0,0.04260585670490999
theta_iso,0.3,7,80301,17.6056170463562,140550,0.01857445689024127,0.017924690547327593,0.030164512314845703,0.03741168222832501,0.05960586997581484,0.19630055481228226,2.0871591690548184,2555.4545454545455,2552.6363636363635,0.0011028103877623622,0,0.01255069370330843
theta_iso,0.4,3,37998,17.412840604782104,140862,0.0186085836152158,0.018018762901039764,0.029980707627273867,0.03714911242563762,0.05758934765866705,0.14019462099706637,2.0616905072597382,2561.1272727272726,2558.1454545454544,0.0011642600559412758,0,0.012842356348766877
theta_iso,0.4,1,35939,17.656501293182373,140648,0.018755941998631804,0.018086553171958286,0.030986016042339058,0.03794306892755834,0.048881935828257214,0.19441960590938123,2.0978606905812187,2557.2363636363634,2554.818181818182,0.0009456231158637166,0,0.012513508901655196
theta_iso,0.4,5,28071,17.3554790019989,140793,0.018825901635606202,0.018145904198043183,0.030903103100698097,0.03791944040875956,0.06008240763229232,0.17072782529968578,2.0896969362843167,2559.8727272727274,2556.6363636363635,0.0012642673996576535,0,0.013154063057112215
theta_iso,0.4,6,70354,17.568729639053345,140843,0.01859954622710456,0.01786380339292748,0.03019128254887347,0.038374238694514985,0.08918026831518686,0.19600369040566967,2.148156126130892,2560.7818181818184,2553.0363636363636,0.003024644462273595,0,0.019170281803142505
theta_iso,0.4,7,82837,17.375545978546143,141124,0.018576814560210177,0.01790436028219844,0.03003229026966299,0.03789263141672457,0.07139197337223308,0.20142672332141842,2.116391248806562,2565.890909090909,2560.909090909091,0.0019415549445877384,0,0.017495252402142798
theta_iso,0.4,8,4285,17.440020084381104,140964,0.018530400136600372,0.017856844864947874,0.029896197339413177,0.0376381448386974,0.08418119166786855,0.15317339457887869,2.107771284532984,2562.981818181818,2555.3636363636365,0.0029723901137879176,0,0.01821032320308731
theta_iso,0.5,0,99719,17.134923219680786,141010,0.01874863326960853,0.018122977533323592,0.0303213771954244,0.037456471090802385,0.060623302532528366,0.16910514321072156,2.0667945442148987,2563.818181818182,2560.909090909091,0.0011346712999078079,0,0.012772143819587264
theta_iso,0.5,2,1778,17.125696659088135,140014,0.018359479698438624,0.0177924852593776,0.029785262273305867,0.03693589805183208,0.058472905384436225,0.19124103508098678,2.0759268597603513,2545.7090909090907,2542.7636363636366,0.0011570271544274144,0,0.012598740125987402
theta_iso,0.4,9,48906,17.378247022628784,140858,0.018773173804360648,0.018129897208275736,0.03046173822408926,0.037598227434156785,0.07700421838814192,0.15790115491255285,2.0738246335447705,2561.0545454545454,2557.090909090909,0.0015476579250024848,0,0.01299180735208508
theta_iso,0.5,3,51413,17.023688793182373,140630,0.018742233890357028,0.018092980729466746,0.030451446877245283,0.03759247650574469,0.055644428414182025,0.21142336504559722,2.077738160883602,2556.909090909091,2554.181818181818,0.00106662874208917,0,0.012507999715565668
theta_iso,0.5,1,98144,17.504305601119995,141475,0.01928618868750646,0.017226296080167458,0.033494906433525276,0.0788916477599039,0.141769445411102,0.2071322254668999,4.579722036168381,2572.2727272727275,2503.927272727273,0.026570065382576426,0,0.049450432938681746
theta_iso,0.5,7,36193,16.903379440307617,141274,0.019091191587141943,0.018320303942797267,0.032000504855575686,0.03845713566423916,0.05470417106880303,0.24249972797044528,2.099153801395244,2568.6181818181817,2565.909090909091,0.0010546880530033834,0,0.012415589563543186
theta_iso,0.5,8,85126,16.86168599128723,140166,0.018665098083235014,0.018040831548670866,0.030426398474700633,0.03752170826685895,0.06717695302779511,0.1651280415853389,2.0798214409148628,2548.4727272727273,2545.4,0.0012057132257466147,0,0.012420986544525777
theta_iso,0.5,5,34134,17.031598567962646,140760,0.0186698518556918,0.018072081871169487,0.030266258667811376,0.037312762917744144,0.04607274310861245,0.16606013650473805,2.0646632293797564,2559.2727272727275,2557.3454545454547,0.0007530548451264564,0,0.012119920431940892
theta_iso,0.5,4,21116,17.321953773498535,140483,0.018079018167235717,0.017235539124065724,0.029585110548219263,0.044136139552947824,0.08543556957703097,0.18703832603824644,2.5607635035518674,2554.2363636363634,2535.181818181818,0.007459977363809144,0,0.031135439875287402
theta_iso,0.6,0,61924,17.107720613479614,140566,0.018686352941395337,0.018008759063428137,0.03074529262526582,0.03798599820646979,0.04792062411016024,0.22806597860868827,2.109306814127525,2555.7454545454543,2553.7090909090907,0.0007967787373902651,0,0.012805372565200689
theta_iso,0.5,9,70124,17.281058311462402,140355,0.01849121847461971,0.01788989662934881,0.029933808717186844,0.037292057972739046,0.05718275487618463,0.1787313350191262,2.0845317748544456,2551.909090909091,2549.018181818182,0.0011328417227743936,0,0.012675002671796515
theta_iso,0.6,1,65558,17.23231029510498,140779,0.018807440978659322,0.018130529303945764,0.030825372810951105,0.037780661121581786,0.07210196832629533,0.1974487526472508,2.0838145697908304,2559.6181818181817,2555.9636363636364,0.0014277697667976048,0,0.012942271219429034
theta_iso,0.5,6,19057,17.50180172920227,140336,0.01848512621176343,0.017885957948646336,0.029856512945315217,0.03703513477970916,0.04889927385859452,0.23573324314147293,2.070626291644172,2551.5636363636363,2549.1454545454544,0.0009477254588986432,0,0.012291927944362102
theta_iso,0.6,4,97914,17.077395915985107,141157,0.019028717501788035,0.01829425095897541,0.03157520122478273,0.03859740905012785,0.05534827739672861,0.196640115297253,2.109810843673347,2566.490909090909,2563.4,0.0012043327642270664,0,0.012496723506450265
theta_iso,0.6,3,89208,17.13547945022583,140101,0.018544707115948602,0.01792490903397237,0.03025888767500362,0.03740331303333022,0.04774946923625126,0.17975561109522964,2.0866668256135195,2547.2909090909093,2545.2181818181816,0.0008136986888030778,0,0.012562365721872078
theta_iso,0.6,2,87633,17.43140745162964,140397,0.018322309612881962,0.017697989968446848,0.02978921807225845,0.0377631821572129,0.07091588829575993,0.19224002874821622,2.1337554278502595,2552.672727272727,2547.181818181818,0.0021510431134568403,0,0.018540282199762104
theta_iso,0.6,5,55277,17.74410390853882,141378,0.019509290608162515,0.017691042120135947,0.03207118176136237,0.08613114630120544,0.11895904127455048,0.15559200767420656,4.868630446771191,2570.509090909091,2512.2363636363634,0.022669722304743314,0,0.03521057024430958
theta_iso,0.6,6,99973,17.187451124191284,140745,0.018683594938751106,0.018003379485261206,0.030629191842783853,0.03788306761920552,0.05211533886910121,0.18415018452334486,2.1042198021887604,2559.0,2556.2545454545457,0.00107286226864187,0,0.012789086646062027
theta_iso,0.6,7,53218,17.37825894355774,140924,0.018903327102486118,0.017941129198598027,0.030298024294461986,0.03894440188447963,0.12042030580099956,0.20086965062703577,2.17067729981694,2562.2545454545457,2544.909090909091,0.006769606312622406,0,0.020606851920183928
theta_iso,0.6,8,22921,17.19689655303955,140353,0.018205018210078278,0.01759193027515593,0.02977100494764783,0.037814943436453544,0.06211776929689605,0.1642091730843358,2.1495619210051897,2551.8727272727274,2547.072727272727,0.0018809715503053017,0,0.01963620300242959
theta_iso,0.6,9,19287,17.300537109375,141027,0.018804528591874856,0.01814713179879135,0.03087725109426065,0.03787310391135574,0.05521328955610921,0.18720094648909935,2.08700219578932,2564.1272727272726,2561.327272727273,0.0010919894771923106,0,0.01272096832521432
theta_iso,0.7,0,99576,17.40674638748169,140500,0.01844797082856579,0.01778002970195658,0.02989027688056005,0.03767826585037868,0.08065283261526061,0.1652978710618953,2.1191340218195713,2554.5454545454545,2547.163636363636,0.0028896797153024913,0,0.018355871886120995
theta_iso,0.7,3,67220,17.339866638183594,140806,0.018755497842152316,0.018088339127315223,0.03082166804821629,0.03796117796347415,0.05349728724858613,0.1741195457979039,2.09865470214172,2560.109090909091,2557.327272727273,0.0010866014232348052,0,0.012662812664233058
theta_iso,0.7,2,97517,17.37842893600464,140637,0.018568411385134254,0.018010118539763198,0.029966625243424253,0.037149759284239366,0.04919224328798946,0.1480930334085322,2.062715978366227,2557.0363636363636,2554.6,0.0009528075826418368,5,0.012770465809139842
theta_iso,0.7,7,31230,17.065165758132935,139800,0.01839774773729484,0.017817552654446178,0.029789830112704134,0.03694090082126951,0.06017971110127626,0.18873851537486708,2.0732870298015538,2541.818181818182,2539.0363636363636,0.0010944206008583692,0,0.012331902718168813
theta_iso,0.7,6,33264,17.11622381210327,140515,0.01888120059020993,0.0181084352577372,0.03156019423260367,0.038376457178797306,0.06435904925160686,0.23261817398020312,2.11925860145206,2554.818181818182,2552.1272727272726,0.0010532683343415293,0,0.01246841974166459
theta_iso,0.7,5,65161,17.314724445343018,140817,0.01859514581628331,0.018023786311040624,0.030040603479785915,0.0372945100764133,0.04646654324939047,0.20959771747002165,2.069182880489891,2560.309090909091,2558.418181818182,0.0007385471924554564,0,0.012619215009551404
theta_iso,0.7,1,1151,17.55844283103943,141070,0.01882072002371594,0.018173069892819527,0.030854353774329,0.0378373090526825,0.06048090156373122,0.1670499875890208,2.0820537903523184,2564.909090909091,2561.836363636364,0.001197986815056355,0,0.01265329269157156
debounce,1.0,0,363,16.973572731018066,140283,0.018452934884579594,0.017851345407230212,0.029869281618136154,0.037216103002472564,0.05548220402204735,0.2243815347876712,2.0847786065132756,2550.6,2547.9454545454546,0.001040753334331316,0,0.01279556325427885
theta_iso,0.7,4,31205,17.51494550704956,141220,0.018665572264899566,0.01800948171287331,0.03006758948838079,0.03768065698648435,0.08283296702314133,0.14211944035120894,2.092267705824646,2567.6363636363635,2560.672727272727,0.0027120804418637586,0,0.01761081999716754
debounce,1.0,2,2422,17.136287212371826,140815,0.018825009923751863,0.01814124988106869,0.031102163912094836,0.03812481929954251,0.04921209057480822,0.20205463159016368,2.101554167958829,2560.2727272727275,2557.927272727273,0.000916095586407698,0,0.012555480595107055
theta_iso,0.7,9,29171,17.310943603515625,140705,0.01841910806379978,0.017847179927116485,0.029965957100296235,0.03768432150292952,0.05417753304654421,0.15832842548374337,2.111500060896067,2558.2727272727275,2555.0545454545454,0.001257951032301624,0,0.018663160513130307
debounce,1.0,3,32719,17.063706398010254,140266,0.018455062393008728,0.01787649028722349,0.029858655406027168,0.03684698574884049,0.053744297683056386,0.19145697811602957,2.0611979844374377,2550.2909090909093,2547.4363636363637,0.0011193018978227084,0,0.012476295039425092
debounce,1.0,1,96003,17.306029081344604,140993,0.018704046949920384,0.0181112708875677,0.03009173882051995,0.037365229500324774,0.05605181913057253,0.14823555008363876,2.063092630676391,2563.509090909091,2560.7272727272725,0.0010851602561829311,0,0.012617647684636826
theta_iso,0.7,8,67195,17.8281569480896,141196,0.018934149083942857,0.018223500506915347,0.030857841488499016,0.037823991452377616,0.10398105875160406,0.24130530249754045,2.075561247852705,2567.2,2564.2181818181816,0.001161505991671152,0,0.012507436471288139
debounce,1.0,4,36353,16.885854959487915,140444,0.018572533497190884,0.017954702554330737,0.02998269324728904,0.03723700365732764,0.05005594073477505,0.17018540396056814,2.073941550668905,2553.5272727272727,2550.9454545454546,0.0010110791489846486,0,0.012723932670673009
debounce,1.0,6,38412,16.640337228775024,140832,0.018606455281011975,0.017948971416881676,0.029956897272652938,0.037430994064362795,0.08707544230842626,0.16861921675756975,2.0854116481102394,2560.581818181818,2555.090909090909,0.002144399000227221,0,0.01653033401499659
debounce,1.0,5,34778,17.135155200958252,140757,0.018690157452381003,0.01807418153781626,0.030156245850635338,0.037266060325568735,0.05512464963033333,0.22219765389203694,2.0618394391800083,2559.2181818181816,2556.4545454545455,0.0010798752459913183,0,0.012532236407425562
debounce,1.0,7,68709,16.83224606513977,140812,0.018808547150029418,0.018098826528333944,0.030988542921886617,0.03813850153776794,0.07310083307200396,0.235011397251224,2.107236150258782,2560.2181818181816,2556.6545454545453,0.0013919268244183733,0,0.012818509786097776
debounce,1.0,8,27657,17.014521837234497,140455,0.018623488419449885,0.017971626258699303,0.030218849145081703,0.03752007873005019,0.05397594969791007,0.20208714780296688,2.0877397621090807,2553.7272727272725,2550.9454545454546,0.0010893168630522231,0,0.01265173899113595
debounce,2.0,2,6568,16.70824885368347,140575,0.018456064803129002,0.01782813250402171,0.0299590866734448,0.03780764823260094,0.06622546680187197,0.16789179966398926,2.120673504309675,2555.909090909091,2551.018181818182,0.0019135692690734484,0,0.01808287391072381
debounce,2.0,3,91857,16.755433082580566,140671,0.018655896829814902,0.018050027818588887,0.030395350634353946,0.03763661816219148,0.04965094567308012,0.17730848707643432,2.085127986530374,2557.6545454545453,2555.1272727272726,0.0009881212190145801,0,0.012916663704672605
debounce,2.0,4,4509,16.992437601089478,140106,0.018497488722488103,0.017914989615807286,0.029929283610712787,0.037133540077174856,0.04832522197386914,0.11780243359862119,2.0727636952917954,2547.3818181818183,2545.0,0.0009350063523332334,0,0.012990164589667823
debounce,2.0,5,74212,17.074702501296997,140971,0.01856033812410484,0.01791950823484001,0.029955473761805962,0.03749977939692355,0.07272609258598613,0.21180277374833878,2.0926790459581133,2563.109090909091,2558.1272727272726,0.0019436621716523257,0,0.017719956586815726
debounce,2.0,0,40499,17.19843316078186,140519,0.01859815641007417,0.017971856897508687,0.03020144173317335,0.0375336107051642,0.048356847666285195,0.17745759476645162,2.088465923093747,2554.890909090909,2552.6181818181817,0.0008895594190109523,0,0.012802539158405625
debounce,2.0,8,68519,16.78743076324463,141456,0.019060360603233895,0.01815414944971927,0.03177327199738844,0.038837645971532817,0.11454792275807749,0.18470330892648512,2.139326112693943,2571.927272727273,2562.0545454545454,0.003838649474041398,0,0.017468329374505147
debounce,1.0,9,70768,17.501150131225586,141337,0.019661722348726065,0.017353051154572086,0.034060340695866324,0.08782578432817581,0.11982087021174141,0.18089732937268543,5.0611148175539125,2569.7636363636366,2485.690909090909,0.032716132364490544,0,0.04785017369832387
debounce,2.0,6,70578,17.07265305519104,140568,0.01872452062528731,0.018053744387406923,0.030729212099651265,0.0380723969059977,0.05236100896134631,0.1854015269171736,2.1088365986035806,2555.7818181818184,2552.8,0.0011666951226452678,0,0.012762506402595184
debounce,2.0,7,27847,17.10490918159485,141708,0.019297013880132243,0.0184556833049081,0.03272957964961253,0.039262593974034914,0.058821976942832414,0.1679086740213691,2.127398553896589,2576.509090909091,2573.090909090909,0.0013266717475371892,0,0.013033844243091428
debounce,3.0,1,82558,16.763256549835205,140129,0.018526213605412147,0.017910597579721355,0.0301395701096297,0.03734077121103781,0.04886065277005562,0.2131854830193145,2.0848422865195513,2547.8,2545.3454545454547,0.0009633980118319549,0,0.01260980953264492
debounce,2.0,1,46623,17.644342184066772,140941,0.018721965284189825,0.0180822535987879,0.030396223006675882,0.037305811071107094,0.049658169051529776,0.2275847315901629,2.063117346922277,2562.5636363636363,2560.0,0.0010004186148814044,0,0.012572636777091124
debounce,3.0,0,86192,17.358572959899902,141002,0.018495446362746363,0.017493867621296122,0.02995295008800696,0.04982767688949816,0.0946071017910241,0.19727856823962853,2.84829392608645,2563.672727272727,2538.2181818181816,0.009928937178196054,0,0.030446376647139756
debounce,3.0,3,2989,16.922131061553955,140406,0.01847381049196109,0.017893854123181896,0.029938400395109532,0.037226038054398634,0.04546408433663433,0.18901633903160864,2.0803812190561817,2552.836363636364,2551.109090909091,0.0006766092617124625,0,0.012855575972536787
debounce,3.0,2,84133,17.076892614364624,140890,0.018774983301637384,0.01814470651296496,0.030521847151358725,0.03749465286910894,0.048220380308859584,0.22519945782956086,2.0664237717109306,2561.6363636363635,2559.2545454545457,0.000929803392717723,0,0.012839804102491305
debounce,2.0,9,38222,17.700942516326904,140653,0.018415881070472997,0.01756434319782585,0.03007498143233107,0.03955698905207694,0.09104845959471208,0.1897891402471732,2.2521188869147917,2557.327272727273,2541.818181818182,0.0060645702544560014,0,0.026248995755511793
debounce,3.0,5,48223,15.249118328094482,140663,0.0187291748058368,0.018051486198636724,0.030568574315046955,0.03769833961535366,0.048929658438216894,0.23551681970502436,2.0883787185456617,2557.509090909091,2555.109090909091,0.000938413086597044,0,0.012462410157610744
debounce,3.0,4,50202,15.745332717895508,140968,0.01880054934794197,0.018127990056392207,0.03077831369705456,0.037721613885589124,0.0649567432973191,0.20391366184175652,2.0808492153981466,2563.0545454545454,2560.2545454545457,0.0010924465126837296,0,0.012563134895862891
debounce,4.0,2,35791,14.336080551147461,140530,0.018655830008864442,0.01799438378922602,0.03052894391954801,0.03796329598674493,0.05970496448102257,0.1793063399461996,2.109730259808903,2555.090909090909,2551.6,0.0013662563153774994,0,0.013271187646765815
debounce,3.0,6,48143,15.389870882034302,140407,0.018566609468985144,0.01793211866150557,0.029963747580659113,0.03725847254556173,0.058688134136003274,0.1945601192026185,2.0777507247675957,2552.8545454545456,2550.2181818181816,0.001032712044271297,0,0.012549231875903623
debounce,3.0,7,17846,15.07664442062378,140562,0.0186657816383452,0.018031487819014203,0.03001757235426651,0.03718767275252511,0.08804381913135209,0.2510093780025642,2.0623740606313534,2555.672727272727,2552.1272727272726,0.0013872881717676186,0,0.012827079865112903
debounce,3.0,8,14212,15.182409763336182,140833,0.018769295743551052,0.01809315317355953,0.03061601738391175,0.037712481556301386,0.07667949494709352,0.2141556059421994,2.084350980425712,2560.6,2557.072727272727,0.0013775180532971676,0,0.012731391080215574
debounce,4.0,6,71781,14.626595258712769,140442,0.018456704009581205,0.017761867792696506,0.029923225527246796,0.03778238388869479,0.0832400900663199,0.2232961610631392,2.127162769685208,2553.490909090909,2546.5272727272727,0.002727104427450478,0,0.01711738653679099
debounce,3.0,9,84213,15.346747875213623,140352,0.01851295352575966,0.017947035334984207,0.029903447238422663,0.03707638097898535,0.05080770938620134,0.19281823533577125,2.0658777501101953,2551.8545454545456,2549.2545454545457,0.0010188668490652075,0,0.012739398084815322
debounce,4.0,0,1860,15.110673904418945,140478,0.01868232829129076,0.018017522366943872,0.03081918465438294,0.03792026231006653,0.04924184566779232,0.19871046802563086,2.1046324537738625,2554.1454545454544,2551.7272727272725,0.0009467674653682427,0,0.01286322413473996
debounce,4.0,3,17400,14.944272756576538,140222,0.01833655984732845,0.017718869430332518,0.029847477829646245,0.03727574711412555,0.06222602681049352,0.2252619031034726,2.1037316890158957,2549.490909090909,2545.690909090909,0.0014904936457902469,0,0.016923164695982085
debounce,4.0,1,32157,15.029617309570312,140696,0.01886577763530445,0.01816687891243518,0.030974476689134445,0.03779940192862465,0.04853180823494113,0.18569416604277755,2.0806767145209,2558.109090909091,2555.890909090909,0.0008671177574344686,0,0.012104110991072952
debounce,4.0,9,79351,14.404366254806519,140965,0.01853098393451366,0.017901249218851945,0.029859862112422773,0.037317019151291854,0.08008419479867102,0.18498458139599983,2.0846041913093423,2563.0,2556.5454545454545,0.002518355620189409,0,0.0181676302628312
debounce,4.0,4,37850,15.13628077507019,140395,0.018419709304643633,0.017746386396011005,0.029896703750286233,0.03764177214103674,0.08101158768831603,0.17701445944423178,2.1210950387904197,2552.6363636363635,2544.890909090909,0.003034296093165711,0,0.018476441468713273
debounce,4.0,5,15341,15.155550956726074,140882,0.02070343614222822,0.017667319763328138,0.03298788427501264,0.1298769461659156,0.17874156082967138,0.24202505224902637,7.35125349547925,2561.490909090909,2494.163636363636,0.026284408228162574,0,0.0378188838886444
debounce,4.0,8,82985,14.840946197509766,140718,0.018660326426123558,0.018030343569592766,0.030567926320567197,0.03758938855117374,0.04786798646155247,0.149127762607705,2.084784929698527,2558.509090909091,2556.309090909091,0.0008598757799286517,0,0.012763114882246763
debounce,4.0,7,70206,15.227111577987671,140330,0.018380541939700734,0.017824634036593068,0.02980053274655158,0.036751334384393604,0.04829638796597848,0.207736867783753,2.0618282714217293,2551.4545454545455,2549.072727272727,0.0009335138601867028,0,0.013297227962659445
