slowdown,baseline,metric,mean,ci_95,min,max,n
1.0,adaptive,p99_latency,0.02883096232669354,6.394635023260771e-05,0.028665785406741768,0.028915962990969893,10
1.0,adaptive,p999_latency,0.03431577317129646,0.0002470857682827339,0.03360328614909881,0.034967274930216494,10
1.0,adaptive,p95_latency,0.024967558408945295,0.00010885733431132512,0.024670038769851743,0.025131267456094973,10
1.0,adaptive,p50_latency,0.013827980970890507,6.295343206801805e-05,0.013664475654515229,0.013965709720324071,10
1.0,adaptive,avg_latency,0.014799667797751454,4.0773103600207654e-05,0.01470105655224878,0.01487604610889429,10
1.0,adaptive,max_latency,0.04283854960468183,0.002002291577711864,0.039679471442646275,0.04664215206292255,10
1.0,adaptive,tail_ratio,2.085020469474881,0.006674293554971732,2.0699470558858843,2.103489744221866,10
1.0,adaptive,throughput,2562.806,3.0270863728451283,2552.86,2566.86,10
1.0,adaptive,goodput,2562.806,3.0270863728451283,2552.86,2566.86,10
1.0,adaptive,slo_violation_rate,0.0,0.0,0.0,0.0,10
1.0,adaptive,affected_ratio,0.0,0.0,0.0,0.0,10
1.0,fixed_isolation,p99_latency,0.028820250793898234,5.401602571942333e-05,0.028720172649039886,0.02897415799227602,10
1.0,fixed_isolation,p999_latency,0.03422239805521019,0.00026514472644865653,0.03365171058161685,0.03477158822857126,10
1.0,fixed_isolation,p95_latency,0.024914833938262042,0.00010153068961848795,0.024677646305146614,0.025120269235785742,10
1.0,fixed_isolation,p50_latency,0.013744202446574682,6.159601322463917e-05,0.013585734244763614,0.01383608040100981,10
1.0,fixed_isolation,avg_latency,0.014762020902827768,3.911786448482372e-05,0.014675089750481604,0.01481255582054347,10
1.0,fixed_isolation,max_latency,0.041780266224697195,0.0017193831280259326,0.03929386166016258,0.045690970124379504,10
1.0,fixed_isolation,tail_ratio,2.0969565674565875,0.007492073439733667,2.0844921077101,2.1160945504497555,10
1.0,fixed_isolation,throughput,2557.734,4.477822124782214,2547.16,2567.02,10
1.0,fixed_isolation,goodput,2557.734,4.477822124782214,2547.16,2567.02,10
1.0,fixed_isolation,slo_violation_rate,0.0,0.0,0.0,0.0,10
1.0,fixed_isolation,affected_ratio,0.0,0.0,0.0,0.0,10
1.0,fixed_shedding,p99_latency,0.028800141508733508,5.363577346772513e-05,0.028669156977816086,0.028894145825793777,10
1.0,fixed_shedding,p999_latency,0.03414432323776011,0.00019358737754682828,0.03373636724730287,0.034703630035327976,10
1.0,fixed_shedding,p95_latency,0.024893239758022205,8.961915934771978e-05,0.02470055989093156,0.025034340417298743,10
1.0,fixed_shedding,p50_latency,0.013747360188935253,6.665891396038823e-05,0.013577873553535014,0.013855777250427082,10
1.0,fixed_shedding,avg_latency,0.014757907120260464,3.554652845177644e-05,0.014669733093520855,0.014812615902445187,10
1.0,fixed_shedding,max_latency,0.04152299464957317,0.0018023497414806936,0.03919452020686265,0.045989807531277904,10
1.0,fixed_shedding,tail_ratio,2.09502433725588,0.008379027000933239,2.0810375469421505,2.114507801474035,10
1.0,fixed_shedding,throughput,2557.166,5.34705582348996,2545.04,2569.16,10
1.0,fixed_shedding,goodput,2557.166,5.34705582348996,2545.04,2569.16,10
1.0,fixed_shedding,slo_violation_rate,0.0,0.0,0.0,0.0,10
1.0,fixed_shedding,affected_ratio,0.0,0.0,0.0,0.0,10
1.0,fixed_speculation,p99_latency,0.0288645661112798,5.4067475210296856e-05,0.028754286587936596,0.028962002980440184,10
1.0,fixed_speculation,p999_latency,0.03432697681754727,0.000231264937376345,0.03375123174185139,0.03501072450343972,10
1.0,fixed_speculation,p95_latency,0.024967705621854103,8.637991159598761e-05,0.02480106007067917,0.02516180799522942,10
1.0,fixed_speculation,p50_latency,0.013809200764032425,3.372548120017793e-05,0.013736758224629497,0.013872924285198707,10
1.0,fixed_speculation,avg_latency,0.014794872801215535,2.7803641345604938e-05,0.014735643930073448,0.014846421343311907,10
1.0,fixed_speculation,max_latency,0.04185123595736719,0.0017426853942124555,0.03961437497788722,0.04617534564750514,10
1.0,fixed_speculation,tail_ratio,2.090253149531333,0.004082815420889347,2.081118352997756,2.098865361098692,10
1.0,fixed_speculation,throughput,2561.3779999999997,2.296556390928377,2558.36,2566.48,10
1.0,fixed_speculation,goodput,2561.3779999999997,2.296556390928377,2558.36,2566.48,10
1.0,fixed_speculation,slo_violation_rate,0.0,0.0,0.0,0.0,10
1.0,fixed_speculation,affected_ratio,0.0,0.0,0.0,0.0,10
1.0,no_mitigation,p99_latency,0.028814248708978096,6.236497135309387e-05,0.02867637717234132,0.02895683838885588,10
1.0,no_mitigation,p999_latency,0.03432596593167763,0.0003366300303946559,0.0338471313116458,0.035253436613367384,10
1.0,no_mitigation,p95_latency,0.024911041467170453,9.38264533376718e-05,0.02466156906010681,0.02515491119588304,10
1.0,no_mitigation,p50_latency,0.01375326905151395,7.169206441704957e-05,0.013616217210392634,0.013955516503699528,10
1.0,no_mitigation,avg_latency,0.014758327450547712,3.989982264305662e-05,0.014675077504444505,0.014863331717325177,10
1.0,no_mitigation,max_latency,0.040986888977212386,0.0012795094838163393,0.03941248449863721,0.04433129953128656,10
1.0,no_mitigation,tail_ratio,2.0951538187175442,0.008288698289330045,2.0733535016810283,2.114320216063419,10
1.0,no_mitigation,throughput,2556.9039999999995,5.176622308937018,2546.56,2569.86,10
1.0,no_mitigation,goodput,2556.9039999999995,5.176622308937018,2546.56,2569.86,10
1.0,no_mitigation,slo_violation_rate,0.0,0.0,0.0,0.0,10
1.0,no_mitigation,affected_ratio,0.0,0.0,0.0,0.0,10
1.05,adaptive,p99_latency,0.02883270993188954,3.645937231021005e-05,0.028764983692450556,0.02891716835152385,10
1.05,adaptive,p999_latency,0.034166430478124184,0.00022877009711423543,0.0335299961197692,0.03461374564053959,10
1.05,adaptive,p95_latency,0.024946070678299424,6.347183404004627e-05,0.024801692963006154,0.025070474477178806,10
1.05,adaptive,p50_latency,0.013802876663480745,5.6147795204343837e-05,0.013693721715483775,0.013928746593568242,10
1.05,adaptive,avg_latency,0.014791014203372938,3.0165816164596525e-05,0.014732283953398883,0.014845710277860706,10
1.05,adaptive,max_latency,0.04023153547217646,0.0005203836766496397,0.039570734986323686,0.04178718484730126,10
1.05,adaptive,tail_ratio,2.0889472623356284,0.008213024901716062,2.067883669122328,2.1039769847688627,10
1.05,adaptive,throughput,2555.9,5.660321256820407,2544.1,2565.84,10
1.05,adaptive,goodput,2555.9,5.660321256820407,2544.1,2565.84,10
1.05,adaptive,slo_violation_rate,0.0,0.0,0.0,0.0,10
1.05,adaptive,affected_ratio,0.030362594972451994,0.00010844004417179435,0.030101018041743643,0.030563297350343473,10
1.05,fixed_isolation,p99_latency,0.028896863311227046,9.193737410374483e-05,0.02863837958624373,0.029063388237160124,10
1.05,fixed_isolation,p999_latency,0.03416718328220007,0.0004312489419729758,0.0329021496537531,0.0348433923770239,10
1.05,fixed_isolation,p95_latency,0.025004069063400396,0.00014690378620925684,0.02466650861042083,0.02537284258451357,10
1.05,fixed_isolation,p50_latency,0.013815279100279732,9.49175544937622e-05,0.01361060823802518,0.014026527944814404,10
1.05,fixed_isolation,avg_latency,0.014807256886717654,6.0982824975154576e-05,0.014664658767068786,0.014946821945841012,10
1.05,fixed_isolation,max_latency,0.04132787871701886,0.0010076539725693899,0.039269547583067776,0.043695652118330486,10
1.05,fixed_isolation,tail_ratio,2.0917578036687923,0.008429029335278159,2.072030109768172,2.1079335754834787,10
1.05,fixed_isolation,throughput,2557.4019999999996,6.169057198160141,2544.9,2568.6,10
1.05,fixed_isolation,goodput,2557.4019999999996,6.169057198160141,2544.9,2568.6,10
1.05,fixed_isolation,slo_violation_rate,0.0,0.0,0.0,0.0,10
1.05,fixed_isolation,affected_ratio,0.03043248751661316,0.0001963428036094329,0.03013032499159572,0.03103800907096744,10
1.05,fixed_shedding,p99_latency,0.028876306952759428,5.5802012259731654e-05,0.028764472825118043,0.028976441641273422,10
1.05,fixed_shedding,p999_latency,0.03419483665049994,0.0002901473211138199,0.033619329154890014,0.03478448372237664,10
1.05,fixed_shedding,p95_latency,0.025027500284453257,7.347711419725484e-05,0.024906330627907633,0.02514551043081434,10
1.05,fixed_shedding,p50_latency,0.013830242827233441,4.843837089358979e-05,0.013698076835751749,0.013932572862929149,10
1.05,fixed_shedding,avg_latency,0.014815904078414145,3.0445125748252225e-05,0.014744724471302354,0.01487817942269558,10
1.05,fixed_shedding,max_latency,0.04117545355612897,0.000968309802154595,0.039925183354938554,0.04457428845761768,10
1.05,fixed_shedding,tail_ratio,2.0879438615872985,0.0065165225131369325,2.0765141433212975,2.1082293563473993,10
1.05,fixed_shedding,throughput,2558.572,5.008321275262141,2550.22,2573.56,10
1.05,fixed_shedding,goodput,2558.572,5.008321275262141,2550.22,2573.56,10
1.05,fixed_shedding,slo_violation_rate,0.0,0.0,0.0,0.0,10
1.05,fixed_shedding,affected_ratio,0.03031687580180545,0.00016377374883498247,0.029956969188685012,0.03062507320501308,10
1.05,fixed_speculation,p99_latency,0.02887703717048267,5.756145454246154e-05,0.028778709258073215,0.02903502695013259,10
1.05,fixed_speculation,p999_latency,0.03413252873940749,0.0003091082479472959,0.033338466216022274,0.03476424026461368,10
1.05,fixed_speculation,p95_latency,0.024984331875964005,0.00012018914111895717,0.024796533074664843,0.025253456982245837,10
1.05,fixed_speculation,p50_latency,0.01381281036829991,7.68431393263327e-05,0.01367190232372284,0.013977117373880077,10
1.05,fixed_speculation,avg_latency,0.014807432868869545,4.831538037518243e-05,0.014729771301105457,0.014917196077256698,10
1.05,fixed_speculation,max_latency,0.042318548717342176,0.0015123455708572484,0.03972488519588069,0.045525353468256924,10
1.05,fixed_speculation,tail_ratio,2.0906751964659227,0.008071908818126397,2.0750259141825,2.1079332090439897,10
1.05,fixed_speculation,throughput,2555.93,5.84259429201414,2545.84,2570.88,10
1.05,fixed_speculation,goodput,2555.93,5.84259429201414,2545.84,2570.88,10
1.05,fixed_speculation,slo_violation_rate,0.0,0.0,0.0,0.0,10
1.05,fixed_speculation,affected_ratio,0.03046487252171831,0.00019132833050431228,0.03015785079471594,0.030994785777107677,10
1.05,no_mitigation,p99_latency,0.0288966165155508,6.366389211267787e-05,0.028667944515914385,0.028973363857630472,10
1.05,no_mitigation,p999_latency,0.034406276245689024,0.0003085759160897847,0.033443043558324,0.03504616866024962,10
1.05,no_mitigation,p95_latency,0.025034157970028014,0.00010660301265213891,0.024716165302139353,0.025174186246587026,10
1.05,no_mitigation,p50_latency,0.013843407613446513,7.569247462670745e-05,0.013701870988377607,0.013986489142084224,10
1.05,no_mitigation,avg_latency,0.014824079893473025,4.2770312925758594e-05,0.014717677858560579,0.01489770629070278,10
1.05,no_mitigation,max_latency,0.04230353388533281,0.0022012132400159395,0.0398757835376955,0.04736648462562698,10
1.05,no_mitigation,tail_ratio,2.087476854422478,0.009627023241129832,2.0684241623952446,2.1029631166752103,10
1.05,no_mitigation,throughput,2560.078,4.77362427254631,2551.1,2570.14,10
1.05,no_mitigation,goodput,2560.078,4.77362427254631,2551.1,2570.14,10
1.05,no_mitigation,slo_violation_rate,0.0,0.0,0.0,0.0,10
1.05,no_mitigation,affected_ratio,0.030302082219588237,0.00019572580357434937,0.029939513774823096,0.03075444122267466,10
1.1,adaptive,p99_latency,0.028996302265877842,6.67364842918016e-05,0.0288090110571781,0.02913089507489103,10
1.1,adaptive,p999_latency,0.03480021455295906,0.00017342660092740226,0.03435114457464811,0.0351441340096094,10
1.1,adaptive,p95_latency,0.025288924570550365,0.00010921804092327412,0.02493143964227328,0.025493937227432796,10
1.1,adaptive,p50_latency,0.014234380504965482,8.21381250679342e-05,0.01405526275745217,0.014396411681289578,10
1.1,adaptive,avg_latency,0.015039223565897536,4.9544136462792365e-05,0.014908545264397265,0.015143408137070222,10
1.1,adaptive,max_latency,0.0411409791790069,0.0011483525611398033,0.03948239138715337,0.04348837241683512,10
1.1,adaptive,tail_ratio,2.037140396558174,0.008214103509542879,2.0207474334838325,2.052630492568095,10
1.1,adaptive,throughput,2552.326,5.970304909614342,2540.5,2564.88,10
1.1,adaptive,goodput,2552.326,5.970304909614342,2540.5,2564.88,10
1.1,adaptive,slo_violation_rate,0.0,0.0,0.0,0.0,10
1.1,adaptive,affected_ratio,0.02719502414558948,0.0001451071121103377,0.026892234710146633,0.027543873455575667,10
1.1,fixed_isolation,p99_latency,0.028957790919749697,5.585019866821791e-05,0.02879534942476042,0.02904384747315817,10
1.1,fixed_isolation,p999_latency,0.034363050422542174,0.000244270745040235,0.03360992409524837,0.034791386248371074,10
1.1,fixed_isolation,p95_latency,0.02504830156668688,9.519204477210575e-05,0.024891728189567884,0.025302521017513152,10
1.1,fixed_isolation,p50_latency,0.013866547859406086,6.26171616366282e-05,0.013777838107184692,0.014026385248008921,10
1.1,fixed_isolation,avg_latency,0.01484573409959993,3.857631495134708e-05,0.014794440617917208,0.014943275123009995,10
1.1,fixed_isolation,max_latency,0.04252529837932251,0.0016121574381715608,0.03995623183427455,0.04620458082923662,10
1.1,fixed_isolation,tail_ratio,2.088375640762224,0.007708126247702769,2.0705088911580267,2.0992791781329116,10
1.1,fixed_isolation,throughput,2559.1420000000003,6.099814775198057,2546.26,2572.26,10
1.1,fixed_isolation,goodput,2559.1420000000003,6.099814775198057,2546.26,2572.26,10
1.1,fixed_isolation,slo_violation_rate,0.0,0.0,0.0,0.0,10
1.1,fixed_isolation,affected_ratio,0.029498113833141028,0.00011222141610957257,0.029234004957036413,0.02971695169142429,10
1.1,fixed_shedding,p99_latency,0.029335188128171756,6.931883165358427e-05,0.029177006869249844,0.02952418125859424,10
1.1,fixed_shedding,p999_latency,0.035743930728205545,0.0002529695889046549,0.03524612257931027,0.03641663871944494,10
1.1,fixed_shedding,p95_latency,0.025900506755919407,0.00012570008117688316,0.025624118525615813,0.026264874113209657,10
1.1,fixed_shedding,p50_latency,0.014584579627352046,9.318614342277016e-05,0.014417196076745853,0.01483379683796926,10
1.1,fixed_shedding,avg_latency,0.015290217808666216,6.835117027510449e-05,0.015156473814690897,0.01549032351741061,10
1.1,fixed_shedding,max_latency,0.04293521767640609,0.0021297591167264047,0.039770359482906414,0.04934439989033734,10
1.1,fixed_shedding,tail_ratio,2.0114848648838044,0.009421832020845119,1.990332049244655,2.026250337760213,10
1.1,fixed_shedding,throughput,2559.0020000000004,5.6892718458962905,2550.92,2573.62,10
1.1,fixed_shedding,goodput,2559.0020000000004,5.6892718458962905,2550.92,2573.62,10
1.1,fixed_shedding,slo_violation_rate,0.0,0.0,0.0,0.0,10
1.1,fixed_shedding,affected_ratio,0.004432878410390175,0.0009031825815689055,0.0026630324106709275,0.006518853930829885,10
1.1,fixed_speculation,p99_latency,0.028943340332161664,7.682061950635903e-05,0.028762022736628978,0.02910747073428155,10
1.1,fixed_speculation,p999_latency,0.03454576562298713,0.00027520995323967643,0.033964842687951545,0.03510308179120138,10
1.1,fixed_speculation,p95_latency,0.0252399313383165,0.00011350150882160629,0.024965127632081155,0.025452991575144777,10
1.1,fixed_speculation,p50_latency,0.01420560457465605,7.679398454388995e-05,0.014069156571011376,0.014390158980560841,10
1.1,fixed_speculation,avg_latency,0.015018669210632352,4.9735890820385865e-05,0.014914130916927937,0.015132753989223202,10
1.1,fixed_speculation,max_latency,0.04155097160577572,0.001553218587178865,0.03966325764448442,0.04499612584599433,10
1.1,fixed_speculation,tail_ratio,2.037522489162188,0.007384717425513079,2.016600934757882,2.050719923018043,10
1.1,fixed_speculation,throughput,2549.77,6.510836947442307,2534.4,2568.28,10
1.1,fixed_speculation,goodput,2549.77,6.510836947442307,2534.4,2568.28,10
1.1,fixed_speculation,slo_violation_rate,0.0,0.0,0.0,0.0,10
1.1,fixed_speculation,affected_ratio,0.02723225899945128,0.0001276141087543318,0.026960899269890405,0.027456081239911615,10
1.1,no_mitigation,p99_latency,0.02904618003423018,6.050072434533395e-05,0.02890708498317764,0.02920151231068672,10
1.1,no_mitigation,p999_latency,0.034629143506363674,0.0002574740052964009,0.03406156153064967,0.03543432909335644,10
1.1,no_mitigation,p95_latency,0.025179751628101134,8.912430663956734e-05,0.025011104959156327,0.025370647482382935,10
1.1,no_mitigation,p50_latency,0.013929823021708466,5.774655865095341e-05,0.013809941242524104,0.01402558222154937,10
1.1,no_mitigation,avg_latency,0.014892501186864976,3.590402027116124e-05,0.014826633803591727,0.014964937874866613,10
1.1,no_mitigation,max_latency,0.043271526142866536,0.002513594684844387,0.03963902265095243,0.04908491883728772,10
1.1,no_mitigation,tail_ratio,2.0852216682683613,0.0066522445837255756,2.0712490812037347,2.0977306568913896,10
1.1,no_mitigation,throughput,2560.902,5.167720552216277,2550.34,2569.76,10
1.1,no_mitigation,goodput,2560.902,5.167720552216277,2550.34,2569.76,10
1.1,no_mitigation,slo_violation_rate,0.0,0.0,0.0,0.0,10
1.1,no_mitigation,affected_ratio,0.029548046011745467,0.00011085692290590077,0.029290736226613264,0.029744436054522386,10
1.15,adaptive,p99_latency,0.029025889434536285,6.56962098715566e-05,0.028924527547774914,0.02920205501073454,10
1.15,adaptive,p999_latency,0.03462623411924788,0.0002951384423485038,0.03407258269957161,0.03513396413235196,10
1.15,adaptive,p95_latency,0.025366544856433505,0.00010701471154156613,0.025164919627138703,0.025684250814980915,10
1.15,adaptive,p50_latency,0.0143299989868364,6.11714873656143e-05,0.014192469856919132,0.014478939081925546,10
1.15,adaptive,avg_latency,0.015099665232169343,4.275782575118757e-05,0.015016863266441402,0.015219728623537505,10
1.15,adaptive,max_latency,0.04131526685431162,0.001211327084941727,0.039693452574638854,0.04445371380957397,10
1.15,adaptive,tail_ratio,2.025572937283454,0.006136225698245606,2.0141733222021965,2.038019304559142,10
1.15,adaptive,throughput,2555.304,5.355576275821221,2543.72,2566.3,10
1.15,adaptive,goodput,2555.304,5.355576275821221,2543.72,2566.3,10
1.15,adaptive,slo_violation_rate,0.0,0.0,0.0,0.0,10
1.15,adaptive,affected_ratio,0.02624181987347588,0.0001742914665342007,0.02581927288313915,0.026585218962402134,10
1.15,fixed_isolation,p99_latency,0.029063551982357372,8.584639839005008e-05,0.02889486076533046,0.029351266751610296,10
1.15,fixed_isolation,p999_latency,0.03466163382899383,0.0003359600197093798,0.03410358992875388,0.035707741323772135,10
1.15,fixed_isolation,p95_latency,0.025122715558208893,0.00013577140080145488,0.024847808088469828,0.025529603566761226,10
1.15,fixed_isolation,p50_latency,0.01388844422184059,8.57209339486137e-05,0.013681165554270791,0.014102798913839365,10
1.15,fixed_isolation,avg_latency,0.014874394810925545,5.6083755266574554e-05,0.014746663968227207,0.015026682744193932,10
1.15,fixed_isolation,max_latency,0.04519125539327451,0.0010246232826916861,0.04309149495352216,0.04778810217762697,10
1.15,fixed_isolation,tail_ratio,2.0927227539035655,0.007855892088836948,2.0802813006227754,2.1120174776563885,10
1.15,fixed_isolation,throughput,2554.064,7.546372451146251,2537.1,2572.58,10
1.15,fixed_isolation,goodput,2554.064,7.546372451146251,2537.1,2572.58,10
1.15,fixed_isolation,slo_violation_rate,0.0,0.0,0.0,0.0,10
1.15,fixed_isolation,affected_ratio,0.028779204921637,0.00010659811479187536,0.028545098131096586,0.028974803504652917,10
1.15,fixed_shedding,p99_latency,0.02939351944713025,7.226807439225472e-05,0.02925075432846408,0.02958338867271177,10
1.15,fixed_shedding,p999_latency,0.035868903591833014,0.00024231368797537317,0.03540565613863935,0.03643262806669717,10
1.15,fixed_shedding,p95_latency,0.026004472236124017,8.409792379869801e-05,0.025827674110131933,0.026235849970337094,10
1.15,fixed_shedding,p50_latency,0.01465080296520167,5.853271754889684e-05,0.014547211518440406,0.014752981127452713,10
1.15,fixed_shedding,avg_latency,0.015342959380306682,3.848097935662903e-05,0.015262482062144613,0.015423751872315736,10
1.15,fixed_shedding,max_latency,0.04431852051075165,0.002092429833254943,0.039920596616903836,0.04801966293116422,10
1.15,fixed_shedding,tail_ratio,2.006308951495422,0.0063795091289299685,1.9947272857470504,2.0188011706821447,10
1.15,fixed_shedding,throughput,2561.746,4.954086541151689,2554.22,2573.8,10
1.15,fixed_shedding,goodput,2561.746,4.954086541151689,2554.22,2573.8,10
1.15,fixed_shedding,slo_violation_rate,0.0,0.0,0.0,0.0,10
1.15,fixed_shedding,affected_ratio,0.004569888861135953,0.0010285435259061813,0.002774108322324967,0.00652766037381422,10
1.15,fixed_speculation,p99_latency,0.02905420303974853,4.420604659769867e-05,0.028984580241956798,0.029154621017256233,10
1.15,fixed_speculation,p999_latency,0.034918973012743576,0.00032084016722438286,0.034447735492334285,0.035610599172253496,10
1.15,fixed_speculation,p95_latency,0.02538350560770426,7.279967634954876e-05,0.02525191584369324,0.025553548060368664,10
1.15,fixed_speculation,p50_latency,0.014295858063818745,4.58530144626795e-05,0.014218954023903052,0.014407605873779872,10
1.15,fixed_speculation,avg_latency,0.01508887760583787,2.6906444334384824e-05,0.01504581836156271,0.015156110260072235,10
1.15,fixed_speculation,max_latency,0.04202424017325228,0.0016566296890342179,0.039588270884969745,0.044846314531014286,10
1.15,fixed_speculation,tail_ratio,2.032389584839305,0.007482112935471982,2.011755491917313,2.046840562309653,10
1.15,fixed_speculation,throughput,2551.0099999999993,2.469898566805638,2544.24,2556.98,10
1.15,fixed_speculation,goodput,2551.0099999999993,2.469898566805638,2544.24,2556.98,10
1.15,fixed_speculation,slo_violation_rate,0.0,0.0,0.0,0.0,10
1.15,fixed_speculation,affected_ratio,0.026081504889743635,0.000171879429134191,0.025746863057449797,0.026466273934563824,10
1.15,no_mitigation,p99_latency,0.02907353172490637,6.999029834301658e-05,0.028924676348470655,0.02919838919633871,10
1.15,no_mitigation,p999_latency,0.03457075085985942,0.0002343321988714701,0.03398344289338749,0.03501982151722109,10
1.15,no_mitigation,p95_latency,0.025152135965340605,7.839057522021708e-05,0.024975297063212304,0.025327837309223597,10
1.15,no_mitigation,p50_latency,0.013928816119030785,5.7745959574496803e-05,0.013805173714782626,0.014080148793880198,10
1.15,no_mitigation,avg_latency,0.014898022871378022,3.630927745778383e-05,0.01481218125023944,0.014985285570888745,10
1.15,no_mitigation,max_latency,0.043907229818314165,0.0010685107573032082,0.04087626905930364,0.045625057032921745,10
1.15,no_mitigation,tail_ratio,2.0873286307158656,0.005749875373872552,2.072359209850617,2.0998675322671954,10
1.15,no_mitigation,throughput,2558.794,4.682746924220871,2547.96,2571.5,10
1.15,no_mitigation,goodput,2558.794,4.682746924220871,2547.96,2571.5,10
1.15,no_mitigation,slo_violation_rate,0.0,0.0,0.0,0.0,10
1.15,no_mitigation,affected_ratio,0.028843338394123823,9.424770006940423e-05,0.02859595053251668,0.029003595032889056,10
1.2,adaptive,p99_latency,0.029093913526049352,6.610811279942545e-05,0.028965371161463187,0.029227568696491915,10
1.2,adaptive,p999_latency,0.034864660762596054,0.00030551002479336424,0.03397311483430747,0.03544571393103524,10
1.2,adaptive,p95_latency,0.025445159364997572,0.00011781863507887755,0.02524599212670679,0.025669128845084543,10
1.2,adaptive,p50_latency,0.014350946986151136,8.893432627949488e-05,0.014242464270736832,0.01458579746640254,10
1.2,adaptive,avg_latency,0.015130369412438237,5.830964796346512e-05,0.015055312650786886,0.01527242571097165,10
1.2,adaptive,max_latency,0.041824002950113834,0.0014113247756247956,0.03980796070599801,0.04564933366635415,10
1.2,adaptive,tail_ratio,2.027407923062478,0.008622830735633837,2.003837552510637,2.0409592798732676,10
1.2,adaptive,throughput,2553.398,5.250013381686701,2545.26,2565.98,10
1.2,adaptive,goodput,2553.398,5.250013381686701,2545.26,2565.98,10
1.2,adaptive,slo_violation_rate,0.0,0.0,0.0,0.0,10
1.2,adaptive,affected_ratio,0.02537642776027496,0.0001852992754759129,0.025046251293468377,0.025823826385999074,10
1.2,fixed_isolation,p99_latency,0.029171748245631023,5.572610777657749e-05,0.029066382532528228,0.02932833640303905,10
1.2,fixed_isolation,p999_latency,0.03511033191094678,0.0001517194365542778,0.03480035786541529,0.03533643785484833,10
1.2,fixed_isolation,p95_latency,0.025261730467991222,8.477450434545933e-05,0.025084574996605005,0.025505254606997593,10
1.2,fixed_isolation,p50_latency,0.01397683308228075,5.9906299566340665e-05,0.013874391829446608,0.014139720360834218,10
1.2,fixed_isolation,avg_latency,0.014944801810822103,3.655971463323294e-05,0.01487910621180297,0.015042148496320013,10
1.2,fixed_isolation,max_latency,0.047083604176767935,0.0014889818133909042,0.04391419135442476,0.05044045523384,10
1.2,fixed_isolation,tail_ratio,2.087192974503058,0.006145288592657555,2.0741807938632197,2.0992319398495267,10
1.2,fixed_isolation,throughput,2559.0919999999996,4.167448830233996,2549.92,2566.3,10
1.2,fixed_isolation,goodput,2559.088,4.1679890864833595,2549.9,2566.28,10
1.2,fixed_isolation,slo_violation_rate,1.5636704445626612e-06,2.358193971508717e-06,0.0,7.843383321829704e-06,10
1.2,fixed_isolation,affected_ratio,0.027808441265310624,0.00011593377011856578,0.027514061268907628,0.028024782761173674,10
1.2,fixed_shedding,p99_latency,0.029336023139942418,4.887115373658529e-05,0.029259767904646596,0.02945115265063652,10
1.2,fixed_shedding,p999_latency,0.03552581017748165,0.00024975723608218264,0.035042717470152036,0.03603913770188827,10
1.2,fixed_shedding,p95_latency,0.025888036875576205,7.838603834633779e-05,0.02572212553105402,0.0260586201097098,10
1.2,fixed_shedding,p50_latency,0.01459210350018294,4.1921775933165655e-05,0.01451985373765563,0.014684917263707575,10
1.2,fixed_shedding,avg_latency,0.015298736885616527,2.918716935009974e-05,0.015256338336190993,0.015369140515180606,10
1.2,fixed_shedding,max_latency,0.04358974971171357,0.0024179969927621667,0.03995100192046763,0.04943255707153682,10
1.2,fixed_shedding,tail_ratio,2.01041935281541,0.0036040427172397914,2.004119551795193,2.0191318226110955,10
1.2,fixed_shedding,throughput,2560.37,2.515654834354303,2556.24,2567.5,10
1.2,fixed_shedding,goodput,2560.37,2.515654834354303,2556.24,2567.5,10
1.2,fixed_shedding,slo_violation_rate,0.0,0.0,0.0,0.0,10
1.2,fixed_shedding,affected_ratio,0.004193644309987706,0.0005851369704655263,0.0031198686371100163,0.005475792466684373,10
1.2,fixed_speculation,p99_latency,0.029115266618354573,7.905003645999668e-05,0.02900021794976453,0.029326402000430463,10
1.2,fixed_speculation,p999_latency,0.0348936117053929,0.0003003094304824871,0.03420338939693494,0.0356998067939048,10
1.2,fixed_speculation,p95_latency,0.025486369217397532,9.981290065251635e-05,0.025261016963603555,0.02571990134907124,10
1.2,fixed_speculation,p50_latency,0.01436813701118016,6.442584062218974e-05,0.014274766870393307,0.014573750152335307,10
1.2,fixed_speculation,avg_latency,0.015144031702519012,4.282159570607864e-05,0.015074930408923251,0.015282749606623526,10
1.2,fixed_speculation,max_latency,0.04272686519285607,0.002066652763426252,0.03971850597478266,0.04791646945596284,10
1.2,fixed_speculation,tail_ratio,2.0264228125485237,0.007269757410892299,2.008189103851193,2.042304390467844,10
1.2,fixed_speculation,throughput,2553.04,4.990464313839436,2542.72,2565.08,10
1.2,fixed_speculation,goodput,2553.04,4.990464313839436,2542.72,2565.08,10
1.2,fixed_speculation,slo_violation_rate,0.0,0.0,0.0,0.0,10
1.2,fixed_speculation,affected_ratio,0.025145934995685217,0.00020858967064741368,0.02472663333150173,0.02565756355398943,10
1.2,no_mitigation,p99_latency,0.029173219380651615,5.839320443015952e-05,0.02902400724261141,0.02929097022008023,10
1.2,no_mitigation,p999_latency,0.03518023037775796,0.00018285904982980218,0.0347648179937869,0.03554608229802249,10
1.2,no_mitigation,p95_latency,0.025256247247347312,8.242578143382119e-05,0.02505269413714721,0.025448331150753487,10
1.2,no_mitigation,p50_latency,0.013968963983678329,4.516212285793588e-05,0.013869304919300163,0.014069847020511617,10
1.2,no_mitigation,avg_latency,0.01494035154448695,2.84881645414862e-05,0.014870509735177232,0.015001611337039552,10
1.2,no_mitigation,max_latency,0.045735551879162985,0.0009334267779702904,0.04363358435855247,0.04754387905936852,10
1.2,no_mitigation,tail_ratio,2.0884534204965726,0.004976190754589729,2.071861845910315,2.096657354226615,10
1.2,no_mitigation,throughput,2559.288,5.020422583183121,2545.76,2568.46,10
1.2,no_mitigation,goodput,2559.288,5.020422583183121,2545.76,2568.46,10
1.2,no_mitigation,slo_violation_rate,0.0,0.0,0.0,0.0,10
1.2,no_mitigation,affected_ratio,0.027842756095243858,0.00010191591823704357,0.027652110045865465,0.028139237346314672,10
1.3,adaptive,p99_latency,0.029426296150094455,2.7349465277606457e-05,0.02937307211597382,0.029497136479816343,10
1.3,adaptive,p999_latency,0.03586625003587589,0.00016746981763255393,0.035538792443553666,0.03635867099212753,10
1.3,adaptive,p95_latency,0.026063349846030277,4.599060563571669e-05,0.025972288733295733,0.02618280455818968,10
1.3,adaptive,p50_latency,0.014706591833981087,5.256132652306801e-05,0.014610743299904527,0.01487042538577299,10
1.3,adaptive,avg_latency,0.015375097329933488,2.9879622955603324e-05,0.015314330045406025,0.015462575504164066,10
1.3,adaptive,max_latency,0.043994798527722166,0.0015700213142310303,0.04043849501871932,0.047864308082672835,10
1.3,adaptive,tail_ratio,2.0009330759118393,0.006834122752618079,1.9806990348549505,2.0145561955303455,10
1.3,adaptive,throughput,2558.578,3.2660024119837763,2551.52,2568.1,10
1.3,adaptive,goodput,2558.578,3.2660024119837763,2551.52,2568.1,10
1.3,adaptive,slo_violation_rate,0.0,0.0,0.0,0.0,10
1.3,adaptive,affected_ratio,0.00021479803060024514,0.00036814087921695703,0.0,0.0015926550496533633,10
1.3,fixed_isolation,p99_latency,0.0294584961042706,9.032751047188963e-05,0.029261835112372552,0.02968120840910274,10
1.3,fixed_isolation,p999_latency,0.03696808834758798,0.00018133248885374,0.036391079205191953,0.03726595075949982,10
1.3,fixed_isolation,p95_latency,0.02554519233504503,0.00012076472549315843,0.025291975569331625,0.025843416933373217,10
1.3,fixed_isolation,p50_latency,0.014078227878139504,9.983243779387722e-05,0.013830157091290651,0.01435237869321071,10
1.3,fixed_isolation,avg_latency,0.01504879833438606,6.538913503552818e-05,0.014898505829529174,0.015230140389641713,10
1.3,fixed_isolation,max_latency,0.050730002097586005,0.0006577075217966985,0.04878016500865989,0.05179297543608641,10
1.3,fixed_isolation,tail_ratio,2.0925977916611087,0.009323185364448818,2.068034089927074,2.115799185737361,10
1.3,fixed_isolation,throughput,2558.1,9.11427958866698,2538.04,2583.48,10
1.3,fixed_isolation,goodput,2558.078,9.111495416665825,2538.02,2583.44,10
1.3,fixed_isolation,slo_violation_rate,8.593552412955508e-06,4.107443181819499e-06,0.0,1.5659867674118153e-05,10
1.3,fixed_isolation,affected_ratio,0.02644949246764568,8.65631466349343e-05,0.026188491708016234,0.02662045224116385,10
1.3,fixed_shedding,p99_latency,0.029382345501291318,5.748382193490448e-05,0.029258469907834695,0.029531264005324687,10
1.3,fixed_shedding,p999_latency,0.035810049841188615,0.00020149940333810952,0.035398937361962965,0.036219551643483026,10
1.3,fixed_shedding,p95_latency,0.02594948870707131,8.823593944349096e-05,0.02578012338032458,0.026129874883952908,10
1.3,fixed_shedding,p50_latency,0.014605873982739404,6.757495026365779e-05,0.014502489847917133,0.01478720248498,10
1.3,fixed_shedding,avg_latency,0.015318916266613062,4.4115048893585294e-05,0.015246590120759237,0.015434144628967325,10
1.3,fixed_shedding,max_latency,0.04386065143807816,0.0026304970123848122,0.03988270735507626,0.049569519885700686,10
1.3,fixed_shedding,tail_ratio,2.01173839647298,0.007898478523690643,1.9903774297862362,2.0282455137702136,10
1.3,fixed_shedding,throughput,2560.1960000000004,4.649752877115438,2550.42,2572.36,10
1.3,fixed_shedding,goodput,2560.1960000000004,4.649752877115438,2550.42,2572.36,10
1.3,fixed_shedding,slo_violation_rate,0.0,0.0,0.0,0.0,10
1.3,fixed_shedding,affected_ratio,0.0040731061196312545,0.0007746973486956934,0.002736705475756699,0.0060566950193596545,10
1.3,fixed_speculation,p99_latency,0.02919193064966988,8.928998521885694e-05,0.028995221901947588,0.02939952909984271,10
1.3,fixed_speculation,p999_latency,0.034852183288311314,0.00030187493736657145,0.03428577788019749,0.0356273377342947,10
1.3,fixed_speculation,p95_latency,0.02560506423573844,0.00012925362938301908,0.0252391528817256,0.025880428929175987,10
1.3,fixed_speculation,p50_latency,0.014410212916932074,9.482501945764445e-05,0.014161427192053821,0.01461681354928146,10
1.3,fixed_speculation,avg_latency,0.015184816363625796,6.478512122485188e-05,0.015010613773712822,0.015320486225722381,10
1.3,fixed_speculation,max_latency,0.041676384245476684,0.0013920839229663933,0.039553132733196605,0.045116996795385944,10
1.3,fixed_speculation,tail_ratio,2.0258703297153984,0.008191938219277448,2.0083799293900695,2.047478796361515,10
1.3,fixed_speculation,throughput,2550.584,6.655185550621657,2530.34,2564.72,10
1.3,fixed_speculation,goodput,2550.584,6.655185550621657,2530.34,2564.72,10
1.3,fixed_speculation,slo_violation_rate,0.0,0.0,0.0,0.0,10
1.3,fixed_speculation,affected_ratio,0.023615769792707873,8.210963561444714e-05,0.023415783274440518,0.023794757459903754,10
1.3,no_mitigation,p99_latency,0.029445165323130275,8.360243216663969e-05,0.029306474256387396,0.0295937442622872,10
1.3,no_mitigation,p999_latency,0.036916022399187634,0.0002587311216468384,0.0365144998772588,0.03748395985666156,10
1.3,no_mitigation,p95_latency,0.02553389185687101,0.00012197475589103861,0.02523804740748323,0.025764786850332122,10
1.3,no_mitigation,p50_latency,0.014086235713920647,7.319450398063642e-05,0.013925457058277857,0.014250087772541775,10
1.3,no_mitigation,avg_latency,0.015041915117701496,5.249268341428748e-05,0.014936463646274437,0.015154303335337951,10
1.3,no_mitigation,max_latency,0.050008674837858,0.000749529996575875,0.04808396600624043,0.051980564274524355,10
1.3,no_mitigation,tail_ratio,2.0904091589757576,0.0075799417999182234,2.076741191679593,2.1093527009547968,10
1.3,no_mitigation,throughput,2559.7560000000003,4.350629001567631,2547.98,2565.5,10
1.3,no_mitigation,goodput,2559.7400000000002,4.351257326202687,2547.96,2565.44,10
1.3,no_mitigation,slo_violation_rate,6.2513386306702e-06,5.763946925180304e-06,0.0,2.3387253946599102e-05,10
1.3,no_mitigation,affected_ratio,0.026414979458483617,8.161918854652593e-05,0.02619377135574269,0.026542453088029737,10
1.5,adaptive,p99_latency,0.029437566953437848,4.005869390958246e-05,0.029380068375088803,0.029546452075426263,10
1.5,adaptive,p999_latency,0.03590139052841504,0.0001638197630375245,0.035535935897040044,0.03612427369590248,10
1.5,adaptive,p95_latency,0.026088564555334766,6.919521160665495e-05,0.025938681355392387,0.026235318635093912,10
1.5,adaptive,p50_latency,0.014752083355975642,5.6901608114132126e-05,0.014587565507476086,0.014851200431660772,10
1.5,adaptive,avg_latency,0.015403329338486782,3.745911698703312e-05,0.015304038737275753,0.015470890045044797,10
1.5,adaptive,max_latency,0.04401435777395886,0.0019907017034059304,0.040490523286806024,0.04828897274077093,10
1.5,adaptive,tail_ratio,1.995522428450922,0.0056675593014854555,1.9865246251594237,2.014048770511543,10
1.5,adaptive,throughput,2563.308,3.2758049239156692,2555.14,2570.8,10
1.5,adaptive,goodput,2563.308,3.2758049239156692,2555.14,2570.8,10
1.5,adaptive,slo_violation_rate,0.0,0.0,0.0,0.0,10
1.5,adaptive,affected_ratio,0.0001411159247218875,0.00021959098846806752,0.0,0.0008660643228313281,10
1.5,fixed_isolation,p99_latency,0.029426182840020132,5.646067064187584e-05,0.02933300468232715,0.02956680393580058,10
1.5,fixed_isolation,p999_latency,0.0358652786662491,0.00018822413195864873,0.03544658561968607,0.03637193915797003,10
1.5,fixed_isolation,p95_latency,0.02605016506966701,9.090771485207811e-05,0.025812677062360477,0.026207801109936923,10
1.5,fixed_isolation,p50_latency,0.014705869707138941,6.518943860042187e-05,0.014566428898739048,0.014819972440065499,10
1.5,fixed_isolation,avg_latency,0.015373578179902259,4.7353276046885754e-05,0.015272583891103511,0.015456901317390984,10
1.5,fixed_isolation,max_latency,0.04402606458467258,0.0024680678131010873,0.0395748472860209,0.04973651332024076,10
1.5,fixed_isolation,tail_ratio,2.0010251836644453,0.00582592998293849,1.9899765613483158,2.014680838100868,10
1.5,fixed_isolation,throughput,2557.554,5.539665457072579,2547.22,2568.94,10
1.5,fixed_isolation,goodput,2557.554,5.539665457072579,2547.22,2568.94,10
1.5,fixed_isolation,slo_violation_rate,0.0,0.0,0.0,0.0,10
1.5,fixed_isolation,affected_ratio,0.0,0.0,0.0,0.0,10
1.5,fixed_shedding,p99_latency,0.029383650474765037,4.12321440369955e-05,0.029252794550063754,0.0294562688133643,10
1.5,fixed_shedding,p999_latency,0.03572024178978831,9.171635793060463e-05,0.03549727877596294,0.03596909174290527,10
1.5,fixed_shedding,p95_latency,0.0259717246484923,6.309313503481588e-05,0.025824753357164453,0.026100497225677977,10
1.5,fixed_shedding,p50_latency,0.014700304330602609,6.196311244510737e-05,0.014507944989539112,0.014769980089823775,10
1.5,fixed_shedding,avg_latency,0.015338881496122739,3.93959037771272e-05,0.015226545282492697,0.015393651420200459,10
1.5,fixed_shedding,max_latency,0.044173453952201666,0.0018752189838068865,0.039905193178562115,0.04772348548210559,10
1.5,fixed_shedding,tail_ratio,1.9988959695287722,0.0070319568371680265,1.988795125614093,2.0231228967655923,10
1.5,fixed_shedding,throughput,2558.944,5.334470803074213,2545.74,2566.92,10
1.5,fixed_shedding,goodput,2558.944,5.334470803074213,2545.74,2566.92,10
1.5,fixed_shedding,slo_violation_rate,0.0,0.0,0.0,0.0,10
1.5,fixed_shedding,affected_ratio,0.004271197124852996,0.0005695032856181708,0.0030061685016006872,0.0055224883223196014,10
1.5,fixed_speculation,p99_latency,0.029550959083383437,2.913544738431206e-05,0.02949622126330084,0.029627709663792016,10
1.5,fixed_speculation,p999_latency,0.035899632965807504,0.0001714496183998921,0.035548333310611836,0.03630054613133166,10
1.5,fixed_speculation,p95_latency,0.02607778459461338,5.329346291426115e-05,0.025976884557639215,0.02621117054464044,10
1.5,fixed_speculation,p50_latency,0.014587225903868717,4.5923310502302236e-05,0.014473471404190974,0.01468050811559607,10
1.5,fixed_speculation,avg_latency,0.015293561586828453,2.7981167832235663e-05,0.015225953895096817,0.015344564068602108,10
1.5,fixed_speculation,max_latency,0.04310056766647215,0.0015756538482481742,0.03990834158383194,0.04716351816702513,10
1.5,fixed_speculation,tail_ratio,2.025843311797698,0.006192388496846501,2.017246634983556,2.0404019630335113,10
1.5,fixed_speculation,throughput,2549.466,3.7491803195610856,2538.76,2556.94,10
1.5,fixed_speculation,goodput,2549.466,3.7491803195610856,2538.76,2556.94,10
1.5,fixed_speculation,slo_violation_rate,0.0,0.0,0.0,0.0,10
1.5,fixed_speculation,affected_ratio,0.02033213363384747,0.000131827507695252,0.020019492870954052,0.020586478926360122,10
1.5,no_mitigation,p99_latency,0.0299453165855136,5.157591015134242e-05,0.029850226576231372,0.03012047884446848,10
1.5,no_mitigation,p999_latency,0.04204436538662829,0.0001960583380938732,0.04161362660038611,0.04240191281616969,10
1.5,no_mitigation,p95_latency,0.026096980045230818,8.17222376775726e-05,0.025968530080307757,0.026308156300641622,10
1.5,no_mitigation,p50_latency,0.014312182541456586,5.427826958574376e-05,0.01418912966940411,0.01443126686869789,10
1.5,no_mitigation,avg_latency,0.015203790577937698,3.568101182911786e-05,0.015142013259616002,0.01527793617405344,10
1.5,no_mitigation,max_latency,0.06096323926913101,0.0037874415063284448,0.05762206439293749,0.07346334087261397,10
1.5,no_mitigation,tail_ratio,2.0923354080576053,0.006679281561390017,2.073155921876393,2.105329447109959,10
1.5,no_mitigation,throughput,2559.768,4.031709889993121,2548.7,2567.48,10
1.5,no_mitigation,goodput,2559.502,4.019173923083202,2548.6,2567.28,10
1.5,no_mitigation,slo_violation_rate,0.0001039019475169232,2.327612797338159e-05,3.923568878251658e-05,0.00014060083423161643,10
1.5,no_mitigation,affected_ratio,0.023775785103776523,9.938292811871638e-05,0.023541325854950532,0.02399654725938714,10
2.0,adaptive,p99_latency,0.029418247709607666,5.976282350397586e-05,0.02928921466844514,0.029526010863486548,10
2.0,adaptive,p999_latency,0.03602269133742474,0.00021774667904872382,0.035623634228563385,0.03663147672002861,10
2.0,adaptive,p95_latency,0.026053148900606348,7.901588161784375e-05,0.025913956206484734,0.026228687158358355,10
2.0,adaptive,p50_latency,0.01469188324979429,5.5866265526421376e-05,0.014591939391614517,0.014792787348380187,10
2.0,adaptive,avg_latency,0.01536432414720645,4.1928059401285766e-05,0.015288726503733861,0.015442184788052957,10
2.0,adaptive,max_latency,0.04355520678611917,0.0023516627989628447,0.03987696320669443,0.047739444540027876,10
2.0,adaptive,tail_ratio,2.0023727826748146,0.0041680813648813445,1.9948412476077115,2.00929388052513,10
2.0,adaptive,throughput,2556.604,5.30586239247819,2546.54,2567.98,10
2.0,adaptive,goodput,2556.604,5.30586239247819,2546.54,2567.98,10
2.0,adaptive,slo_violation_rate,0.0,0.0,0.0,0.0,10
2.0,adaptive,affected_ratio,0.0,0.0,0.0,0.0,10
2.0,fixed_isolation,p99_latency,0.029402236343960997,6.605427760015968e-05,0.029235303528666847,0.029510867311607,10
2.0,fixed_isolation,p999_latency,0.03587591988457119,0.0002612807904719366,0.035319736760030376,0.03631615607962666,10
2.0,fixed_isolation,p95_latency,0.026045196128994398,0.00010287171632029686,0.025746013346143924,0.02625363811203591,10
2.0,fixed_isolation,p50_latency,0.014696144319663595,6.719511868581146e-05,0.014503270249740297,0.01480008969606672,10
2.0,fixed_isolation,avg_latency,0.01536763584948655,4.7479906162135464e-05,0.015226519883160367,0.015448239473369185,10
2.0,fixed_isolation,max_latency,0.04266595203760844,0.0015734981194283548,0.03978255412862097,0.04499008454166642,10
2.0,fixed_isolation,tail_ratio,2.000727011034212,0.007100315097962532,1.9891864706542004,2.0174920375839758,10
2.0,fixed_isolation,throughput,2560.0200000000004,3.986802690865647,2550.04,2566.78,10
2.0,fixed_isolation,goodput,2560.0200000000004,3.986802690865647,2550.04,2566.78,10
2.0,fixed_isolation,slo_violation_rate,0.0,0.0,0.0,0.0,10
2.0,fixed_isolation,affected_ratio,0.0,0.0,0.0,0.0,10
2.0,fixed_shedding,p99_latency,0.029390714876975543,4.834621712647948e-05,0.029275299254303288,0.02948786515470175,10
2.0,fixed_shedding,p999_latency,0.035898682765453764,0.00014577389177307924,0.03558700787062954,0.03631475885949705,10
2.0,fixed_shedding,p95_latency,0.025994578324275465,8.781744130611595e-05,0.02577602149729987,0.02615799769153177,10
2.0,fixed_shedding,p50_latency,0.014701182815470925,5.823897150426973e-05,0.014571159487552166,0.014800188597710928,10
2.0,fixed_shedding,avg_latency,0.015365144755156473,4.4615502099992204e-05,0.015265495367649345,0.015448019589165998,10
2.0,fixed_shedding,max_latency,0.04332243266491602,0.0011246369632634712,0.04018016045160522,0.04542399466426161,10
2.0,fixed_shedding,tail_ratio,1.999240724212217,0.004858196297363912,1.9902970113953895,2.0091262661226486,10
2.0,fixed_shedding,throughput,2559.8779999999997,4.559634265031307,2552.0,2571.56,10
2.0,fixed_shedding,goodput,2559.8779999999997,4.559634265031307,2552.0,2571.56,10
2.0,fixed_shedding,slo_violation_rate,0.0,0.0,0.0,0.0,10
2.0,fixed_shedding,affected_ratio,0.0037821350870303515,0.0004311777306570064,0.002848469240434216,0.004628326609750758,10
2.0,fixed_speculation,p99_latency,0.029870479733475612,0.0007781594294537458,0.02928405176016106,0.032926956011123054,10
2.0,fixed_speculation,p999_latency,0.037810274782435704,0.0017294087449000286,0.03580959643991607,0.04356862088655499,10
2.0,fixed_speculation,p95_latency,0.02612732521692663,0.00014044474886691237,0.025834500000224737,0.0264802140028797,10
2.0,fixed_speculation,p50_latency,0.014725385241482236,5.8272602791839176e-05,0.014579422107987128,0.01485745444007236,10
2.0,fixed_speculation,avg_latency,0.015410062295821356,4.571792557846644e-05,0.015296624661056295,0.015492582887307232,10
2.0,fixed_speculation,max_latency,0.050440205568684074,0.002984143166763096,0.04074537469556638,0.05451848127694525,10
2.0,fixed_speculation,tail_ratio,2.0286840439019076,0.05635997172624437,1.9800575609918047,2.249324736525893,10
2.0,fixed_speculation,throughput,2562.594,5.3337470158142235,2554.44,2578.36,10
2.0,fixed_speculation,goodput,2562.548,5.346682138844172,2554.38,2578.36,10
2.0,fixed_speculation,slo_violation_rate,1.796896968461773e-05,1.3446450447762396e-05,0.0,4.682999929755001e-05,10
2.0,fixed_speculation,affected_ratio,0.005158097532771056,0.0025264108702106507,0.0015922199761167005,0.013911504979019227,10
2.0,no_mitigation,p99_latency,0.03708724217681185,0.0001929303885815286,0.03648443294415984,0.03749106459643371,10
2.0,no_mitigation,p999_latency,0.057581698703439835,0.0001750640478739302,0.05728828190641213,0.057967404167348406,10
2.0,no_mitigation,p95_latency,0.026689689247941694,0.00010169146988256759,0.026439585631131024,0.02688906350647783,10
2.0,no_mitigation,p50_latency,0.014442492989237988,8.158369086222643e-05,0.014253664511379327,0.014599413552254248,10
2.0,no_mitigation,avg_latency,0.015507889686315843,5.348159758104356e-05,0.015395293597314012,0.015605069598328145,10
2.0,no_mitigation,max_latency,0.07859003313621944,0.0005819654401766958,0.07705218876299824,0.07980205481409541,10
2.0,no_mitigation,tail_ratio,2.5679890583783958,0.012450818930236538,2.5428190216082234,2.598375397290035,10
2.0,no_mitigation,throughput,2558.634,6.416974476662328,2543.74,2570.18,10
2.0,no_mitigation,goodput,2549.746,6.3991643716999675,2534.66,2561.32,10
2.0,no_mitigation,slo_violation_rate,0.0034737289002991856,9.201997140666771e-05,0.0033269702754295063,0.00374818447314582,10
2.0,no_mitigation,affected_ratio,0.018824996185817313,3.963474480179768e-05,0.018746347734621527,0.018956339877503205,10
3.0,adaptive,p99_latency,0.029465746791711978,6.187649406167219e-05,0.029342774528965516,0.029620101667790017,10
3.0,adaptive,p999_latency,0.03604809778184871,0.00026779754686285964,0.03553166604067962,0.03671461440262863,10
3.0,adaptive,p95_latency,0.02613722613021066,8.792033242574441e-05,0.025967496814051572,0.026393984013041737,10
3.0,adaptive,p50_latency,0.01474919597739568,5.3635614002901274e-05,0.014659576067785451,0.014886177466028272,10
3.0,adaptive,avg_latency,0.015408387162610662,4.1565139251014256e-05,0.015323505047104903,0.015520612335785035,10
3.0,adaptive,max_latency,0.04397770885353154,0.0021735962837509683,0.04000841107806963,0.04821696031030953,10
3.0,adaptive,tail_ratio,1.997810673013428,0.00441860502873647,1.9897721718947672,2.0091448878998333,10
3.0,adaptive,throughput,2561.6519999999996,4.354262829286094,2551.66,2570.26,10
3.0,adaptive,goodput,2561.6519999999996,4.354262829286094,2551.66,2570.26,10
3.0,adaptive,slo_violation_rate,0.0,0.0,0.0,0.0,10
3.0,adaptive,affected_ratio,0.0,0.0,0.0,0.0,10
3.0,fixed_isolation,p99_latency,0.0293808084049491,8.454961619576984e-05,0.02917155583492331,0.029549836762594237,10
3.0,fixed_isolation,p999_latency,0.03584650948977627,0.00032045394483401425,0.03512641626065412,0.03640840984251085,10
3.0,fixed_isolation,p95_latency,0.025995076280981542,0.00012128552816641868,0.02569646150580631,0.02625177045447913,10
3.0,fixed_isolation,p50_latency,0.014642896152937634,8.244533360212904e-05,0.014462876273028336,0.01487772053510561,10
3.0,fixed_isolation,avg_latency,0.01533236547673832,6.154267468447459e-05,0.015189257619133777,0.015499950606123776,10
3.0,fixed_isolation,max_latency,0.042884262422498765,0.0021926866066611325,0.03969155857017803,0.047356834091136335,10
3.0,fixed_isolation,tail_ratio,2.006546800200039,0.006170453311748264,1.9861803891844967,2.016995463711809,10
3.0,fixed_isolation,throughput,2554.41,6.076398186078432,2537.16,2569.12,10
3.0,fixed_isolation,goodput,2554.41,6.076398186078432,2537.16,2569.12,10
3.0,fixed_isolation,slo_violation_rate,0.0,0.0,0.0,0.0,10
3.0,fixed_isolation,affected_ratio,0.0,0.0,0.0,0.0,10
3.0,fixed_shedding,p99_latency,0.029804545442784124,7.267600269108953e-05,0.0296598220341096,0.02999999999999936,10
3.0,fixed_shedding,p999_latency,0.03715181693453766,0.00033947600775671114,0.03650044326597405,0.03795715868116092,10
3.0,fixed_shedding,p95_latency,0.026115744081307957,0.00011049191094647194,0.025948909338013235,0.026355482112395023,10
3.0,fixed_shedding,p50_latency,0.014638023435537661,7.757414568461269e-05,0.014522536100336936,0.014791551655463309,10
3.0,fixed_shedding,avg_latency,0.015357537563854638,5.393395749921125e-05,0.015274285343984045,0.015471038405829394,10
3.0,fixed_shedding,max_latency,0.07100037423059469,0.005649752077060903,0.059626790421177134,0.08633253796207185,10
3.0,fixed_shedding,tail_ratio,2.0361679591902697,0.007438189917643049,2.0193590360609734,2.05306394722029,10
3.0,fixed_shedding,throughput,2555.71,5.575017880226493,2544.54,2567.64,10
3.0,fixed_shedding,goodput,2555.1499999999996,5.575070914674368,2543.86,2566.98,10
3.0,fixed_shedding,slo_violation_rate,0.000219118237756509,3.4306733123637433e-05,0.00014860235573839727,0.00027424738681418564,10
3.0,fixed_shedding,affected_ratio,0.003632975778449888,0.0003666410718165858,0.0028810299485810733,0.004366880331882905,10
3.0,fixed_speculation,p99_latency,0.02950225579302085,0.00010640081554864309,0.02935884497182769,0.029860909913146716,10
3.0,fixed_speculation,p999_latency,0.03608021230668736,0.00032041093812015624,0.035409291158927846,0.03680357373364945,10
3.0,fixed_speculation,p95_latency,0.02614891672935476,6.914752096658322e-05,0.026019446302617405,0.02632433279323969,10
3.0,fixed_speculation,p50_latency,0.014767983442538934,4.792944691527126e-05,0.014645602231329491,0.01486091830437175,10
3.0,fixed_speculation,avg_latency,0.015423796538681126,3.286253598114402e-05,0.015360593216924937,0.015493483971433332,10
3.0,fixed_speculation,max_latency,0.046482182949329244,0.007600671401265232,0.03994114229337953,0.07564633553782585,10
3.0,fixed_speculation,tail_ratio,1.9977320183458278,0.006568261771112776,1.9859430830346825,2.014498264500958,10
3.0,fixed_speculation,throughput,2562.12,3.5781768203171413,2551.28,2569.84,10
3.0,fixed_speculation,goodput,2562.088,3.539443192057428,2551.28,2569.52,10
3.0,fixed_speculation,slo_violation_rate,1.2452137098029449e-05,2.8168691128452572e-05,0.0,0.0001245213709802945,10
3.0,fixed_speculation,affected_ratio,0.00025526881050960367,0.0005774581681332776,0.0,0.002552688105096037,10
3.0,no_mitigation,p99_latency,0.05296449930170795,0.000358301381586719,0.052228241978745406,0.053809254249914625,10
3.0,no_mitigation,p999_latency,0.08878110402687661,0.00024409823334027773,0.08824558083814556,0.08934131352716683,10
3.0,no_mitigation,p95_latency,0.026812511192012733,8.68441327193802e-05,0.026614115539574178,0.026980384775407096,10
3.0,no_mitigation,p50_latency,0.014601343295780288,5.895328900690111e-05,0.014482454384513233,0.014701638204664746,10
3.0,no_mitigation,avg_latency,0.015899398347647288,4.361725862526073e-05,0.015810764782234178,0.015991206888078924,10
3.0,no_mitigation,max_latency,0.12777846164434264,0.006778627616283244,0.11799567031805225,0.1459511871827175,10
3.0,no_mitigation,tail_ratio,3.627452926202621,0.026842963031781915,3.5525457266506315,3.6908013900993875,10
3.0,no_mitigation,throughput,2556.6620000000003,5.170474924372091,2543.78,2564.94,10
3.0,no_mitigation,goodput,2529.3559999999998,5.083050533479497,2516.7,2537.36,10
3.0,no_mitigation,slo_violation_rate,0.010680279902877237,9.332392478460913e-05,0.0104826381305962,0.01086139977463378,10
3.0,no_mitigation,affected_ratio,0.012930230937984321,2.8081603610479587e-05,0.012877109786915421,0.012988544606844931,10
5.0,adaptive,p99_latency,0.02940318175920677,5.511881497848249e-05,0.029219351063770323,0.029485067444765176,10
5.0,adaptive,p999_latency,0.035827201311490614,0.0002687800764824969,0.03492911184759505,0.036283573479389764,10
5.0,adaptive,p95_latency,0.02605422067495599,8.672696068686342e-05,0.025833112612409597,0.026270399632815786,10
5.0,adaptive,p50_latency,0.014738895577542621,7.052874107053844e-05,0.01454005663160629,0.014874322818696939,10
5.0,adaptive,avg_latency,0.015390415822460129,4.879525333024492e-05,0.01524863381907345,0.015496475794628668,10
5.0,adaptive,max_latency,0.04314704818581916,0.0019240143491206106,0.03975616396353132,0.047897313549530196,10
5.0,adaptive,tail_ratio,1.9949981898240499,0.007707225450774354,1.9810913205140646,2.012345836106337,10
5.0,adaptive,throughput,2561.114,7.353794921246269,2541.6,2573.84,10
5.0,adaptive,goodput,2561.114,7.353794921246269,2541.6,2573.84,10
5.0,adaptive,slo_violation_rate,0.0,0.0,0.0,0.0,10
5.0,adaptive,affected_ratio,0.0,0.0,0.0,0.0,10
5.0,fixed_isolation,p99_latency,0.029437866333550933,4.354670870702516e-05,0.029338050140238176,0.029532052823485973,10
5.0,fixed_isolation,p999_latency,0.035973521326636074,0.0002527773911021139,0.035396767487597715,0.03669212184195211,10
5.0,fixed_isolation,p95_latency,0.026081124814023488,6.337310178455708e-05,0.025981399115704195,0.026278337188616517,10
5.0,fixed_isolation,p50_latency,0.014720943882654058,3.9198711356835836e-05,0.014646399740655625,0.014829482812800165,10
5.0,fixed_isolation,avg_latency,0.015388202682125632,3.054786491769888e-05,0.015333894251502212,0.015477459800358489,10
5.0,fixed_isolation,max_latency,0.044278419427506675,0.0015842369674627977,0.039976593418629136,0.04732158528528885,10
5.0,fixed_isolation,tail_ratio,1.9997423499140645,0.003965369126422865,1.988891970229908,2.0077941042745096,10
5.0,fixed_isolation,throughput,2559.554,2.512251342997478,2554.18,2565.86,10
5.0,fixed_isolation,goodput,2559.554,2.512251342997478,2554.18,2565.86,10
5.0,fixed_isolation,slo_violation_rate,0.0,0.0,0.0,0.0,10
5.0,fixed_isolation,affected_ratio,0.0,0.0,0.0,0.0,10
5.0,fixed_shedding,p99_latency,0.029723001626774104,0.00010603300029081309,0.029376764943415568,0.029873301582180996,10
5.0,fixed_shedding,p999_latency,0.04940349656409747,0.0036552106637818354,0.03552711635749911,0.054500036089097814,10
5.0,fixed_shedding,p95_latency,0.026114518584163793,0.00013561781900676016,0.025837816334599584,0.02637526332727517,10
5.0,fixed_shedding,p50_latency,0.014626083203023032,8.734034412211756e-05,0.01444217730102082,0.014822932428504743,10
5.0,fixed_shedding,avg_latency,0.015414512117326714,6.96522573872169e-05,0.015284159707432925,0.015556382940763142,10
5.0,fixed_shedding,max_latency,0.12637219702152222,0.023151115952373496,0.03992801512760735,0.15537677591630228,10
5.0,fixed_shedding,tail_ratio,2.032275636035883,0.010004325173981891,2.011852398501321,2.0522846040300133,10
5.0,fixed_shedding,throughput,2555.2360000000003,6.4997384288550615,2543.48,2569.88,10
5.0,fixed_shedding,goodput,2551.078,6.209845334390619,2538.54,2564.82,10
5.0,fixed_shedding,slo_violation_rate,0.001626596923578194,0.0004428195054465514,0.0,0.002091250302372945,10
5.0,fixed_shedding,affected_ratio,0.0026968722967066695,0.0007132175166685037,0.0,0.0033787738094309145,10
5.0,fixed_speculation,p99_latency,0.02947444662725914,0.00013425939382117445,0.029271249201606345,0.02983684209012307,10
5.0,fixed_speculation,p999_latency,0.03735454834849336,0.0031897822966085706,0.035431220839382,0.05000000000000071,10
5.0,fixed_speculation,p95_latency,0.02609839123651293,0.00015489860046535967,0.025753449298162145,0.026455729787836987,10
5.0,fixed_speculation,p50_latency,0.014740118675161007,8.385437835759707e-05,0.014494633131370449,0.014906715364070067,10
5.0,fixed_speculation,avg_latency,0.015408220791830893,7.281637599106169e-05,0.015210339348459456,0.015529097122614122,10
5.0,fixed_speculation,max_latency,0.05394573898656443,0.020498044515979575,0.03975302533829961,0.1349925637327658,10
5.0,fixed_speculation,tail_ratio,1.999662320016332,0.00886372143815129,1.9827020474240775,2.0220412023680754,10
5.0,fixed_speculation,throughput,2559.966,6.505332096691957,2541.6,2574.7,10
5.0,fixed_speculation,goodput,2559.492,6.4428459989025075,2541.6,2574.7,10
5.0,fixed_speculation,slo_violation_rate,0.00018489623966297394,0.00041826435292805007,0.0,0.0018489623966297395,10
5.0,fixed_speculation,affected_ratio,0.0003089405523482603,0.0006988720833734508,0.0,0.0030894055234826027,10
5.0,no_mitigation,p99_latency,0.03432613148468795,0.00019148159097289876,0.03394677288426877,0.034794412830620514,10
5.0,no_mitigation,p999_latency,0.15101679219318268,0.0017503815405868783,0.14933178531686186,0.15732426908099598,10
5.0,no_mitigation,p95_latency,0.026709257275403603,4.8102594740628e-05,0.026630439232765646,0.026834198393322593,10
5.0,no_mitigation,p50_latency,0.014743127307200154,4.8078981635399014e-05,0.014666798406604897,0.014870278692725947,10
5.0,no_mitigation,avg_latency,0.016262585324792918,3.559858803952534e-05,0.016219642535968234,0.016349210148241346,10
5.0,no_mitigation,max_latency,0.22047876845638364,0.013104785859311262,0.19679693806349263,0.2468800164862195,10
5.0,no_mitigation,tail_ratio,2.328367960006121,0.01853451159490402,2.2892787428720274,2.3723250205001487,10
5.0,no_mitigation,throughput,2557.4,4.60473560424329,2549.26,2569.34,10
5.0,no_mitigation,goodput,2537.476,4.59729507961748,2529.32,2549.4,10
5.0,no_mitigation,slo_violation_rate,0.007790760083262643,1.272888207093056e-05,0.007760747896346922,0.00782187772137797,10
5.0,no_mitigation,affected_ratio,0.007798587387395341,1.3445839428151986e-05,0.007760747896346922,0.00782187772137797,10
10.0,adaptive,p99_latency,0.03131728037077124,0.00027001282862399806,0.030616211297613057,0.03199584551013648,10
10.0,adaptive,p999_latency,0.3239113229633034,0.004393961448808025,0.3107109563599594,0.3322692118169816,10
10.0,adaptive,p95_latency,0.02668818758863421,7.427227509401049e-05,0.026483265188551285,0.026886860269422996,10
10.0,adaptive,p50_latency,0.014854938373589022,6.057569879757777e-05,0.014721571748339102,0.01500944250426528,10
10.0,adaptive,avg_latency,0.016611938497613575,4.645588732328745e-05,0.016497822747106216,0.016742854369667937,10
10.0,adaptive,max_latency,0.46326956480278964,0.008952726091588861,0.4464936203360246,0.47757796348834347,10
10.0,adaptive,tail_ratio,2.1081513057305377,0.011126484655235244,2.0796835977155226,2.131714452488433,10
10.0,adaptive,throughput,2556.064,4.128929784551324,2545.46,2565.32,10
10.0,adaptive,goodput,2546.128,4.129477283291516,2535.52,2555.4,10
10.0,adaptive,slo_violation_rate,0.003887245058517691,6.902525504197513e-06,0.0038669639655091763,0.003904991632160788,10
10.0,adaptive,affected_ratio,0.003887245058517691,6.902525504197513e-06,0.0038669639655091763,0.003904991632160788,10
10.0,fixed_isolation,p99_latency,0.03152442680493361,0.00031038399353226054,0.030891238425318702,0.032081757700032285,10
10.0,fixed_isolation,p999_latency,0.3263800867385482,0.004980956464306389,0.3121206870049589,0.3336550093754158,10
10.0,fixed_isolation,p95_latency,0.026760701358797167,7.47832917287604e-05,0.026553785025552112,0.026899053746348035,10
10.0,fixed_isolation,p50_latency,0.014879807410875223,4.563114734675811e-05,0.014795007257381698,0.014998642107265425,10
10.0,fixed_isolation,avg_latency,0.016646417525416495,4.0865987977599704e-05,0.016535236836891617,0.01673860914666358,10
10.0,fixed_isolation,max_latency,0.47712241808934247,0.012894003689584176,0.4447796411954883,0.49649112017137753,10
10.0,fixed_isolation,tail_ratio,2.118587241190172,0.018777206625926413,2.078140495093438,2.1672427201842623,10
10.0,fixed_isolation,throughput,2559.204,3.4682199994686336,2550.12,2565.34,10
10.0,fixed_isolation,goodput,2549.272,3.466504061513028,2540.2,2555.42,10
10.0,fixed_isolation,slo_violation_rate,0.003880905152599224,5.377956027464645e-06,0.0038669338177395587,0.0038930317082341145,10
10.0,fixed_isolation,affected_ratio,0.003880905152599224,5.377956027464645e-06,0.0038669338177395587,0.0038930317082341145,10
10.0,fixed_shedding,p99_latency,0.031543078070656115,0.0003024945044800974,0.03066812324497761,0.03226905802320625,10
10.0,fixed_shedding,p999_latency,0.33032756013257514,0.003675524209848734,0.32066400736596345,0.33731019366468923,10
10.0,fixed_shedding,p95_latency,0.026796755070711727,0.00010512096786537896,0.02650371749389535,0.026981448537477876,10
10.0,fixed_shedding,p50_latency,0.014921034633647069,6.975936576240838e-05,0.014757071537232491,0.01505809242837941,10
10.0,fixed_shedding,avg_latency,0.016671280814038937,5.2316120282530117e-05,0.016565593924629,0.016768739926124293,10
10.0,fixed_shedding,max_latency,0.47247478997308007,0.017518319873174693,0.4101422824923304,0.4960130680990815,10
10.0,fixed_shedding,tail_ratio,2.1139900130580833,0.016962675120282565,2.0647497938546193,2.1489298348963723,10
10.0,fixed_shedding,throughput,2561.6140000000005,5.605067946318029,2549.5,2579.04,10
10.0,fixed_shedding,goodput,2551.678,5.611160954158389,2539.56,2569.12,10
10.0,fixed_shedding,slo_violation_rate,0.003878846242961604,1.1149164072825563e-05,0.003846392456107699,0.0038988036869974504,10
10.0,fixed_shedding,affected_ratio,0.003878846242961604,1.1149164072825563e-05,0.003846392456107699,0.0038988036869974504,10
10.0,fixed_speculation,p99_latency,0.031342224379077945,0.0003297881242778615,0.030870302477525775,0.03230378813039756,10
10.0,fixed_speculation,p999_latency,0.32441960228838385,0.003442978430079038,0.3164166192077023,0.33081136677306133,10
10.0,fixed_speculation,p95_latency,0.026716916888738396,9.20259574981993e-05,0.02656563356890764,0.026989271702272787,10
10.0,fixed_speculation,p50_latency,0.01485181400325999,3.974982451446388e-05,0.014755332472777383,0.014929266096476823,10
10.0,fixed_speculation,avg_latency,0.01661618691142186,3.7833978577227e-05,0.01654847605487886,0.016710114279812595,10
10.0,fixed_speculation,max_latency,0.45344573111227293,0.018348019649847298,0.3998636250860983,0.4898819023356822,10
10.0,fixed_speculation,tail_ratio,2.110276291918688,0.01820343973588823,2.0839043801374486,2.1637894268641227,10
10.0,fixed_speculation,throughput,2556.452,3.1203719182618266,2548.94,2565.44,10
10.0,fixed_speculation,goodput,2546.5160000000005,3.1195525483645623,2539.0,2555.5,10
10.0,fixed_speculation,slo_violation_rate,0.003886646121284465,5.000722190553397e-06,0.0038745790195833852,0.0038996602509278368,10
10.0,fixed_speculation,affected_ratio,0.003886646121284465,5.000722190553397e-06,0.0038745790195833852,0.0038996602509278368,10
10.0,no_mitigation,p99_latency,0.031106782135135347,0.00030008720960978,0.030612128026999127,0.031815817290370724,10
10.0,no_mitigation,p999_latency,0.3211066707389006,0.0031047023289533077,0.3158032378978729,0.3297640672980669,10
10.0,no_mitigation,p95_latency,0.026625065921717317,7.816778064629445e-05,0.026468648277482743,0.026826996917577617,10
10.0,no_mitigation,p50_latency,0.01482895851378263,4.7845062902745363e-05,0.014732560749003198,0.014935655678598891,10
10.0,no_mitigation,avg_latency,0.016578975127430774,3.837032995594209e-05,0.01647855043057039,0.01666986730339949,10
10.0,no_mitigation,max_latency,0.45255153809508253,0.024051817545386787,0.3994119154487912,0.49262392260327204,10
10.0,no_mitigation,tail_ratio,2.097681562696393,0.017506129930994596,2.0597532477000806,2.14034205730339,10
10.0,no_mitigation,throughput,2557.404,4.750337575082258,2545.22,2564.68,10
10.0,no_mitigation,goodput,2547.4700000000003,4.752278403541069,2535.28,2554.74,10
10.0,no_mitigation,slo_violation_rate,0.003884433874180123,8.398377163708964e-06,0.0038707965568640303,0.0039053598510148434,10
10.0,no_mitigation,affected_ratio,0.003884433874180123,8.398377163708964e-06,0.0038707965568640303,0.0039053598510148434,10
